AirportID,codes,passengers,rank,selected
12889,LAS,526390.0,1,True
13204,MCO,504455.0,2,True
12892,LAX,493035.0,3,True
13930,ORD,459549.0,4,True
11292,DEN,436292.0,5,True
10397,ATL,435375.0,6,True
14107,PHX,418236.0,7,True
14771,SFO,355618.0,8,True
11298,DFW,354360.0,9,True
12478,JFK,342610.0,10,True
11697,FLL,333727.0,11,True
12953,LGA,317653.0,12,True
10721,BOS,316228.0,13,True
11618,EWR,300070.0,14,True
14747,SEA,273824.0,15,True
14100,PHL,252418.0,16,True
10821,BWI,245070.0,17,True
13487,MSP,243323.0,18,True
15304,TPA,238245.0,19,True
11433,DTW,214745.0,20,True
14679,SAN,211235.0,21,True
13232,MDW,210382.0,22,True
12266,IAH,204780.0,23,True
11278,DCA,192921.0,24,True
12173,HNL,169300.0,25,True
14869,SLC,167357.0,26,True
13303,MIA,164915.0,27,True
13796,OAK,156332.0,28,True
14635,RSW,153842.0,29,True
15016,STL,136428.0,30,True
12264,IAD,134338.0,31,False
14057,PDX,129357.0,32,False
14908,SNA,127328.0,33,False
11057,CLT,124909.0,34,False
14893,SMF,123447.0,35,False
14831,SJC,120945.0,36,False
14027,PBI,117121.0,37,False
12191,HOU,115010.0,38,False
11259,DAL,111254.0,39,False
13198,MCI,108145.0,40,False
14843,SJU,102856.0,41,False
13342,MKE,95114.0,42,False
10693,BNA,94779.0,43,False
13495,MSY,93401.0,44,False
14492,RDU,92750.0,45,False
10423,AUS,86887.0,46,False
10800,BUR,83720.0,47,False
14122,PIT,83333.0,48,False
12339,IND,81348.0,49,False
11042,CLE,77272.0,50,False
14683,SAT,69508.0,51,False
11066,CMH,64568.0,52,False
13891,ONT,61520.0,53,False
13830,OGG,60180.0,54,False
11193,CVG,58281.0,55,False
10792,BUF,55142.0,56,False
10140,ABQ,55018.0,57,False
12954,LGB,51434.0,58,False
12451,JAX,51011.0,59,False
10529,BDL,49545.0,60,False
14570,RNO,44813.0,61,False
14307,PVD,43328.0,62,False
13244,MEM,39665.0,63,False
15376,TUS,37568.0,64,False
13871,OMA,37433.0,65,False
12197,HPN,33981.0,66,False
12391,ISP,32651.0,67,False
13296,MHT,31147.0,68,False
11540,ELP,29804.0,69,False
10713,BOI,29631.0,70,False
12758,KOA,29435.0,71,False
11884,GEG,29095.0,72,False
12982,LIH,27733.0,73,False
14730,SDF,25150.0,74,False
14524,RIC,24934.0,75,False
10158,ACY,24909.0,76,False
10599,BHM,24805.0,77,False
13851,OKC,24612.0,78,False
10299,ANC,24005.0,79,False
12402,ITO,23798.0,80,False
15370,TUL,22424.0,81,False
10257,ALB,21261.0,82,False
14262,PSP,20022.0,83,False
14761,SFB,19960.0,84,False
14576,ROC,19794.0,85,False
13931,ORF,19558.0,86,False
10466,AZA,18509.0,87,False
11267,DAY,17335.0,88,False
14112,PIE,17009.0,89,False
10874,CAK,16657.0,90,False
14986,SRQ,15960.0,91,False
12992,LIT,15787.0,92,False
15024,STT,14775.0,93,False
11423,DSM,11855.0,94,False
10666,BLI,11685.0,95,False
11503,EGE,11627.0,96,False
12896,LBB,11465.0,97,False
15096,SYR,10767.0,98,False
15412,TYS,10585.0,99,False
13158,MAF,10401.0,100,False
11986,GRR,10325.0,101,False
14321,PWM,10153.0,102,False
13577,MYR,10060.0,103,False
12206,HRL,9906.0,104,False
11995,GSO,9613.0,105,False
10732,BQN,9606.0,106,False
11721,FNT,9397.0,107,False
12278,ICT,9334.0,108,False
10994,CHS,9227.0,109,False
12448,JAN,8761.0,110,False
10279,AMA,8168.0,111,False
14098,PHF,7520.0,112,False
11996,GSP,7502.0,113,False
15919,XNA,7407.0,114,False
11003,CID,7352.0,115,False
11109,COS,7207.0,116,False
11638,FAT,6893.0,117,False
10785,BTV,6613.0,118,False
11637,FAR,6571.0,119,False
11775,FSD,6360.0,120,False
14783,SGF,6219.0,121,False
14685,SAV,6122.0,122,False
10135,ABE,6068.0,123,False
12945,LEX,5652.0,124,False
11630,FAI,5484.0,125,False
12217,HSV,5398.0,126,False
15070,SWF,5023.0,127,False
12523,JNU,4933.0,128,False
10620,BIL,4877.0,129,False
13230,MDT,4826.0,130,False
10590,IFP,4770.0,131,False
11140,CRP,4757.0,132,False
14108,PIA,4672.0,133,False
13256,MFE,4667.0,134,False
14689,SBA,4472.0,135,False
13264,MFR,4435.0,136,False
13486,MSO,4285.0,137,False
14252,PSC,4196.0,138,False
12094,HDN,4175.0,139,False
10627,BIS,4036.0,140,False
11603,EUG,4002.0,141,False
10372,ASE,3988.0,142,False
10849,BZN,3930.0,143,False
13367,MLI,3876.0,144,False
14254,PSE,3808.0,145,False
14489,RDM,3764.0,146,False
13485,MSN,3584.0,147,False
10868,CAE,3543.0,148,False
14193,PNS,3467.0,149,False
14512,RFD,3466.0,150,False
14025,PBG,3312.0,151,False
14696,SBN,3228.0,152,False
14457,RAP,3049.0,153,False
15023,STS,3044.0,154,False
10781,BTR,2943.0,155,False
10980,CHA,2888.0,156,False
15249,TLH,2830.0,157,False
12003,GTF,2797.0,158,False
11823,FWA,2734.0,159,False
11973,GPT,2640.0,160,False
10685,BMI,2610.0,161,False
10408,ATW,2609.0,162,False
12223,HTS,2566.0,163,False
10581,BGR,2537.0,164,False
14574,ROA,2430.0,165,False
11921,GJT,2401.0,166,False
11146,CRW,2280.0,167,False
12441,JAC,2138.0,168,False
13476,MRY,2100.0,169,False
15295,TOL,1975.0,170,False
10431,AVL,1929.0,171,False
11337,DLH,1898.0,172,False
14814,SHV,1888.0,173,False
13422,MOB,1872.0,174,False
12819,KTN,1871.0,175,False
13502,MTJ,1835.0,176,False
15624,VPS,1805.0,177,False
12323,ILM,1767.0,178,False
11898,GFK,1762.0,179,False
10551,BET,1661.0,180,False
11648,FCA,1654.0,181,False
15323,TRI,1639.0,182,False
13388,MMH,1598.0,183,False
12951,LFT,1567.0,184,False
11413,DRO,1534.0,185,False
13061,LRD,1510.0,186,False
12280,IDA,1501.0,187,False
14716,SCK,1410.0,188,False
11719,FNL,1395.0,189,False
11980,GRI,1378.0,190,False
15027,STX,1304.0,191,False
10157,ACV,1300.0,192,False
11624,EYW,1276.0,193,False
14082,PGD,1231.0,194,False
15041,SUN,1186.0,195,False
14828,SIT,1183.0,196,False
14709,SCC,1166.0,197,False
11612,EVV,1108.0,198,False
14905,SMX,1030.0,199,False
14633,RST,1026.0,200,False
13029,LNK,999.0,201,False
11252,DAB,996.0,202,False
14698,SBP,971.0,203,False
14794,SGU,901.0,204,False
11122,CPR,891.0,205,False
11977,GRB,888.0,206,False
11641,FAY,879.0,207,False
13873,OME,858.0,208,False
13360,MLB,857.0,209,False
13127,LWS,831.0,210,False
13970,OTZ,813.0,211,False
10561,BFL,810.0,212,False
14303,PUW,793.0,213,False
12012,GUC,775.0,214,False
10754,BRW,774.0,215,False
12156,HLN,761.0,216,False
12016,GUM,727.0,217,False
11537,ELM,724.0,218,False
11982,GRK,715.0,219,False
16133,YNG,709.0,220,False
13277,MGM,707.0,221,False
14487,RDD,658.0,222,False
13983,OWB,636.0,223,False
13377,MLU,632.0,224,False
10185,AEX,629.0,225,False
10747,BRO,622.0,226,False
16101,YKM,621.0,227,False
14674,SAF,584.0,228,False
14222,PPG,575.0,229,False
10643,BKG,561.0,230,False
12119,HGR,528.0,231,False
15380,TVC,499.0,232,False
10990,CHO,494.0,233,False
14588,ROW,470.0,234,False
10170,ADQ,465.0,235,False
11953,GNV,464.0,236,False
10275,ALW,450.0,237,False
14842,SJT,449.0,238,False
10434,AVP,438.0,239,False
11470,EAT,399.0,240,False
14078,PFN,368.0,241,False
15411,TYR,356.0,242,False
13184,MBS,350.0,243,False
11203,CWA,349.0,244,False
12884,LAN,326.0,245,False
11067,CMI,324.0,246,False
12915,LCH,322.0,247,False
13433,MOT,315.0,248,False
13139,LYH,310.0,249,False
13290,MHK,302.0,250,False
11049,CLL,298.0,251,False
14256,PSG,298.0,252,False
16218,YUM,293.0,253,False
10926,CDV,277.0,254,False
13024,LMT,276.0,255,False
10469,AZO,263.0,256,False
10577,BGM,249.0,257,False
11695,FLG,248.0,258,False
11778,FSM,244.0,259,False
13964,OTH,243.0,260,False
13076,LSE,240.0,261,False
13795,OAJ,239.0,262,False
11617,EWN,238.0,263,False
11865,GCC,238.0,264,False
10136,ABI,228.0,265,False
14711,SCE,228.0,266,False
11525,EKO,207.0,267,False
13459,MQT,203.0,268,False
15841,WRG,193.0,269,False
15991,YAK,189.0,270,False
15177,TEX,182.0,271,False
14543,RKS,166.0,272,False
10731,BQK,152.0,273,False
14006,PAH,144.0,274,False
11041,CLD,143.0,275,False
14237,PRC,142.0,276,False
10930,CEC,135.0,277,False
10208,AGS,134.0,278,False
11097,COD,133.0,279,False
10155,ACT,130.0,280,False
14231,PQI,126.0,281,False
14952,SPI,121.0,282,False
11471,EAU,104.0,283,False
11577,ERI,104.0,284,False
14960,SPS,104.0,285,False
12397,ITH,103.0,286,False
12891,LAW,96.0,287,False
11308,DHN,94.0,288,False
15008,STC,88.0,289,False
11002,CIC,86.0,290,False
15607,VLD,84.0,291,False
11111,COU,82.0,292,False
15389,TWF,81.0,293,False
11150,CSG,77.0,294,False
11274,DBQ,76.0,295,False
12343,INL,72.0,296,False
12129,HIB,70.0,297,False
10728,BPT,68.0,298,False
13546,MWH,68.0,299,False
14092,PGV,67.0,300,False
10141,ABR,64.0,301,False
10589,BHB,59.0,302,False
10918,CDC,59.0,303,False
11415,DRT,58.0,304,False
14113,PIH,58.0,305,False
12007,GTR,55.0,306,False
15401,TXK,52.0,307,False
10779,BTM,50.0,308,False
14120,PIR,46.0,309,False
11076,CMX,45.0,310,False
12124,HHH,45.0,311,False
12363,IPL,45.0,312,False
13241,MEI,44.0,313,False
11699,FLO,43.0,314,False
15048,SUX,43.0,315,False
10146,ABY,41.0,316,False
13282,MGW,38.0,317,False
10165,ADK,37.0,318,False
10739,BRD,34.0,319,False
13424,MOD,32.0,320,False
15569,VCT,31.0,321,False
14131,PKB,30.0,322,False
14150,PLN,30.0,323,False
10631,BJI,26.0,324,False
11013,CIU,25.0,325,False
10268,ALO,24.0,326,False
12436,IYK,24.0,327,False
10654,BKW,23.0,328,False
11905,GGG,23.0,329,False
13344,MKG,22.0,330,False
10414,AUG,19.0,331,False
15374,TUP,19.0,332,False
11027,CKB,18.0,333,False
14288,PUB,18.0,334,False
15381,TVF,18.0,335,False
13034,LNY,17.0,336,False
13484,MSL,17.0,337,False
11587,ESC,16.0,338,False
14109,PIB,15.0,339,False
12335,IMT,12.0,340,False
12492,JHM,12.0,341,False
14520,RHI,12.0,342,False
10409,ATY,11.0,343,False
12519,JMS,10.0,344,False
13211,MCW,10.0,345,False
14534,RIW,10.0,346,False
12244,HVN,9.0,347,False
12389,ISN,9.0,348,False
11447,DVL,8.0,349,False
11711,FMN,8.0,350,False
13347,MKK,8.0,351,False
11468,EAR,7.0,352,False
12184,HOM,7.0,353,False
12559,JST,7.0,354,False
13988,OXR,7.0,355,False
14704,SBY,7.0,356,False
10333,APN,6.0,357,False
14812,SHR,6.0,358,False
11445,DUT,5.0,359,False
12365,IPT,5.0,360,False
15579,VDZ,5.0,361,False
10154,ACK,4.0,362,False
10245,AKN,4.0,363,False
11725,FOD,4.0,364,False
14955,SPN,4.0,365,False
10950,CEZ,3.0,366,False
11283,DDC,3.0,367,False
11315,DIK,3.0,368,False
11441,DUJ,3.0,369,False
11555,ENA,3.0,370,False
11867,GCK,3.0,371,False
14081,PGA,3.0,372,False
15138,TBN,3.0,373,False
10322,AOO,2.0,374,False
10557,BFD,2.0,375,False
10967,CGI,2.0,376,False
11092,CNY,2.0,377,False
11233,CYS,2.0,378,False
13121,LWB,2.0,379,False
13375,MLS,2.0,380,False
13543,MWA,2.0,381,False
14738,SDP,2.0,382,False
14802,SHD,2.0,383,False
15582,VEL,2.0,384,False
10272,ALS,1.0,385,False
10304,ANI,1.0,386,False
11336,DLG,1.0,387,False
11908,GGW,1.0,388,False
11931,GLH,1.0,389,False
12185,HON,1.0,390,False
12250,HYA,1.0,391,False
12255,HYS,1.0,392,False
12511,JLN,1.0,393,False
12888,LAR,1.0,394,False
12899,LBF,1.0,395,False
13196,MCG,1.0,396,False
14539,RKD,1.0,397,False
15454,UIN,1.0,398,False
15478,UNK,1.0,399,False
