source,identity_type,carrier_id,carrier_code,year,period_unit,first_period,last_period,periods_observed,periods_present,expected_periods,partial_year
DB1B,reporting_carrier_code,16,16,2010,quarter,1,4,4,1;2;3;4,4,False
DB1B,reporting_carrier_code,9E,9E,2010,quarter,1,4,4,1;2;3;4,4,False
DB1B,reporting_carrier_code,9L,9L,2010,quarter,1,4,4,1;2;3;4,4,False
DB1B,reporting_carrier_code,AA,AA,2010,quarter,1,4,4,1;2;3;4,4,False
DB1B,reporting_carrier_code,AS,AS,2010,quarter,1,4,4,1;2;3;4,4,False
DB1B,reporting_carrier_code,B6,B6,2010,quarter,1,4,4,1;2;3;4,4,False
DB1B,reporting_carrier_code,CO,CO,2010,quarter,1,4,4,1;2;3;4,4,False
DB1B,reporting_carrier_code,CP,CP,2010,quarter,1,4,4,1;2;3;4,4,False
DB1B,reporting_carrier_code,CS,CS,2010,quarter,4,4,1,4,4,False
DB1B,reporting_carrier_code,DL,DL,2010,quarter,1,4,4,1;2;3;4,4,False
DB1B,reporting_carrier_code,EV,EV,2010,quarter,1,4,4,1;2;3;4,4,False
DB1B,reporting_carrier_code,F8,F8,2010,quarter,1,3,3,1;2;3,4,False
DB1B,reporting_carrier_code,F9,F9,2010,quarter,1,4,4,1;2;3;4,4,False
DB1B,reporting_carrier_code,FL,FL,2010,quarter,1,4,4,1;2;3;4,4,False
DB1B,reporting_carrier_code,G4,G4,2010,quarter,1,1,1,1,4,False
DB1B,reporting_carrier_code,G7,G7,2010,quarter,1,4,4,1;2;3;4,4,False
DB1B,reporting_carrier_code,HA,HA,2010,quarter,1,4,4,1;2;3;4,4,False
DB1B,reporting_carrier_code,L3,L3,2010,quarter,1,4,4,1;2;3;4,4,False
DB1B,reporting_carrier_code,MQ,MQ,2010,quarter,1,4,4,1;2;3;4,4,False
DB1B,reporting_carrier_code,NK,NK,2010,quarter,1,4,4,1;2;3;4,4,False
DB1B,reporting_carrier_code,OH,OH,2010,quarter,1,4,4,1;2;3;4,4,False
DB1B,reporting_carrier_code,OO,OO,2010,quarter,1,4,4,1;2;3;4,4,False
DB1B,reporting_carrier_code,OW,OW,2010,quarter,1,4,4,1;2;3;4,4,False
DB1B,reporting_carrier_code,QX,QX,2010,quarter,1,4,4,1;2;3;4,4,False
DB1B,reporting_carrier_code,S5,S5,2010,quarter,1,4,4,1;2;3;4,4,False
DB1B,reporting_carrier_code,SY,SY,2010,quarter,1,4,4,1;2;3;4,4,False
DB1B,reporting_carrier_code,U5,U5,2010,quarter,1,4,4,1;2;3;4,4,False
DB1B,reporting_carrier_code,UA,UA,2010,quarter,1,4,4,1;2;3;4,4,False
DB1B,reporting_carrier_code,US,US,2010,quarter,1,4,4,1;2;3;4,4,False
DB1B,reporting_carrier_code,VX,VX,2010,quarter,1,4,4,1;2;3;4,4,False
DB1B,reporting_carrier_code,WN,WN,2010,quarter,1,4,4,1;2;3;4,4,False
DB1B,reporting_carrier_code,XE,XE,2010,quarter,1,4,4,1;2;3;4,4,False
DB1B,reporting_carrier_code,XJ,XJ,2010,quarter,1,4,4,1;2;3;4,4,False
DB1B,reporting_carrier_code,YV,YV,2010,quarter,1,4,4,1;2;3;4,4,False
DB1B,reporting_carrier_code,YX,YX,2010,quarter,1,4,4,1;2;3;4,4,False
DB1B,reporting_carrier_code,ZW,ZW,2010,quarter,1,4,4,1;2;3;4,4,False
BTS on-time,dot_reporting_airline_id,19393,WN,2010,month,1,12,12,1;2;3;4;5;6;7;8;9;10;11;12,12,False
BTS on-time,dot_reporting_airline_id,19690,HA,2010,month,1,12,12,1;2;3;4;5;6;7;8;9;10;11;12,12,False
BTS on-time,dot_reporting_airline_id,19704,CO,2010,month,1,12,12,1;2;3;4;5;6;7;8;9;10;11;12,12,False
BTS on-time,dot_reporting_airline_id,19790,DL,2010,month,1,12,12,1;2;3;4;5;6;7;8;9;10;11;12,12,False
BTS on-time,dot_reporting_airline_id,19805,AA,2010,month,1,12,12,1;2;3;4;5;6;7;8;9;10;11;12,12,False
BTS on-time,dot_reporting_airline_id,19930,AS,2010,month,1,12,12,1;2;3;4;5;6;7;8;9;10;11;12,12,False
BTS on-time,dot_reporting_airline_id,19977,UA,2010,month,1,12,12,1;2;3;4;5;6;7;8;9;10;11;12,12,False
BTS on-time,dot_reporting_airline_id,20304,OO,2010,month,1,12,12,1;2;3;4;5;6;7;8;9;10;11;12,12,False
BTS on-time,dot_reporting_airline_id,20355,US,2010,month,1,12,12,1;2;3;4;5;6;7;8;9;10;11;12,12,False
BTS on-time,dot_reporting_airline_id,20363,9E,2010,month,1,12,12,1;2;3;4;5;6;7;8;9;10;11;12,12,False
BTS on-time,dot_reporting_airline_id,20366,EV,2010,month,1,12,12,1;2;3;4;5;6;7;8;9;10;11;12,12,False
BTS on-time,dot_reporting_airline_id,20374,XE,2010,month,1,12,12,1;2;3;4;5;6;7;8;9;10;11;12,12,False
BTS on-time,dot_reporting_airline_id,20378,YV,2010,month,1,12,12,1;2;3;4;5;6;7;8;9;10;11;12,12,False
BTS on-time,dot_reporting_airline_id,20398,MQ,2010,month,1,12,12,1;2;3;4;5;6;7;8;9;10;11;12,12,False
BTS on-time,dot_reporting_airline_id,20409,B6,2010,month,1,12,12,1;2;3;4;5;6;7;8;9;10;11;12,12,False
BTS on-time,dot_reporting_airline_id,20417,OH,2010,month,1,12,12,1;2;3;4;5;6;7;8;9;10;11;12,12,False
BTS on-time,dot_reporting_airline_id,20436,F9,2010,month,1,12,12,1;2;3;4;5;6;7;8;9;10;11;12,12,False
BTS on-time,dot_reporting_airline_id,20437,FL,2010,month,1,12,12,1;2;3;4;5;6;7;8;9;10;11;12,12,False
DB1B,reporting_carrier_code,16,16,2011,quarter,1,4,4,1;2;3;4,4,False
DB1B,reporting_carrier_code,9E,9E,2011,quarter,1,4,4,1;2;3;4,4,False
DB1B,reporting_carrier_code,9L,9L,2011,quarter,1,4,4,1;2;3;4,4,False
DB1B,reporting_carrier_code,AA,AA,2011,quarter,1,4,4,1;2;3;4,4,False
DB1B,reporting_carrier_code,AS,AS,2011,quarter,1,4,4,1;2;3;4,4,False
DB1B,reporting_carrier_code,B6,B6,2011,quarter,1,4,4,1;2;3;4,4,False
DB1B,reporting_carrier_code,CO,CO,2011,quarter,1,4,4,1;2;3;4,4,False
DB1B,reporting_carrier_code,CP,CP,2011,quarter,1,4,4,1;2;3;4,4,False
DB1B,reporting_carrier_code,DL,DL,2011,quarter,1,4,4,1;2;3;4,4,False
DB1B,reporting_carrier_code,EV,EV,2011,quarter,1,4,4,1;2;3;4,4,False
DB1B,reporting_carrier_code,F9,F9,2011,quarter,1,4,4,1;2;3;4,4,False
DB1B,reporting_carrier_code,FL,FL,2011,quarter,1,4,4,1;2;3;4,4,False
DB1B,reporting_carrier_code,G4,G4,2011,quarter,4,4,1,4,4,False
DB1B,reporting_carrier_code,G7,G7,2011,quarter,1,4,4,1;2;3;4,4,False
DB1B,reporting_carrier_code,HA,HA,2011,quarter,1,4,4,1;2;3;4,4,False
DB1B,reporting_carrier_code,L3,L3,2011,quarter,1,1,1,1,4,False
DB1B,reporting_carrier_code,MQ,MQ,2011,quarter,1,4,4,1;2;3;4,4,False
DB1B,reporting_carrier_code,NK,NK,2011,quarter,1,4,4,1;2;3;4,4,False
DB1B,reporting_carrier_code,OH,OH,2011,quarter,1,4,4,1;2;3;4,4,False
DB1B,reporting_carrier_code,OO,OO,2011,quarter,1,4,4,1;2;3;4,4,False
DB1B,reporting_carrier_code,OW,OW,2011,quarter,1,4,4,1;2;3;4,4,False
DB1B,reporting_carrier_code,QX,QX,2011,quarter,1,4,4,1;2;3;4,4,False
DB1B,reporting_carrier_code,S5,S5,2011,quarter,1,4,4,1;2;3;4,4,False
DB1B,reporting_carrier_code,SY,SY,2011,quarter,1,4,4,1;2;3;4,4,False
DB1B,reporting_carrier_code,U5,U5,2011,quarter,1,4,4,1;2;3;4,4,False
DB1B,reporting_carrier_code,UA,UA,2011,quarter,1,4,4,1;2;3;4,4,False
DB1B,reporting_carrier_code,US,US,2011,quarter,1,4,4,1;2;3;4,4,False
DB1B,reporting_carrier_code,VX,VX,2011,quarter,1,4,4,1;2;3;4,4,False
DB1B,reporting_carrier_code,WN,WN,2011,quarter,1,4,4,1;2;3;4,4,False
DB1B,reporting_carrier_code,XE,XE,2011,quarter,1,4,4,1;2;3;4,4,False
DB1B,reporting_carrier_code,XJ,XJ,2011,quarter,1,4,4,1;2;3;4,4,False
DB1B,reporting_carrier_code,YV,YV,2011,quarter,1,4,4,1;2;3;4,4,False
DB1B,reporting_carrier_code,YX,YX,2011,quarter,1,4,4,1;2;3;4,4,False
DB1B,reporting_carrier_code,ZW,ZW,2011,quarter,1,4,4,1;2;3;4,4,False
BTS on-time,dot_reporting_airline_id,19393,WN,2011,month,1,12,12,1;2;3;4;5;6;7;8;9;10;11;12,12,False
BTS on-time,dot_reporting_airline_id,19690,HA,2011,month,1,12,12,1;2;3;4;5;6;7;8;9;10;11;12,12,False
BTS on-time,dot_reporting_airline_id,19704,CO,2011,month,1,12,12,1;2;3;4;5;6;7;8;9;10;11;12,12,False
BTS on-time,dot_reporting_airline_id,19790,DL,2011,month,1,12,12,1;2;3;4;5;6;7;8;9;10;11;12,12,False
BTS on-time,dot_reporting_airline_id,19805,AA,2011,month,1,12,12,1;2;3;4;5;6;7;8;9;10;11;12,12,False
BTS on-time,dot_reporting_airline_id,19930,AS,2011,month,1,12,12,1;2;3;4;5;6;7;8;9;10;11;12,12,False
BTS on-time,dot_reporting_airline_id,19977,UA,2011,month,1,12,12,1;2;3;4;5;6;7;8;9;10;11;12,12,False
BTS on-time,dot_reporting_airline_id,20304,OO,2011,month,1,12,12,1;2;3;4;5;6;7;8;9;10;11;12,12,False
BTS on-time,dot_reporting_airline_id,20355,US,2011,month,1,12,12,1;2;3;4;5;6;7;8;9;10;11;12,12,False
BTS on-time,dot_reporting_airline_id,20366,EV,2011,month,1,12,12,1;2;3;4;5;6;7;8;9;10;11;12,12,False
BTS on-time,dot_reporting_airline_id,20374,XE,2011,month,1,12,12,1;2;3;4;5;6;7;8;9;10;11;12,12,False
BTS on-time,dot_reporting_airline_id,20378,YV,2011,month,1,12,12,1;2;3;4;5;6;7;8;9;10;11;12,12,False
BTS on-time,dot_reporting_airline_id,20398,MQ,2011,month,1,12,12,1;2;3;4;5;6;7;8;9;10;11;12,12,False
BTS on-time,dot_reporting_airline_id,20409,B6,2011,month,1,12,12,1;2;3;4;5;6;7;8;9;10;11;12,12,False
BTS on-time,dot_reporting_airline_id,20436,F9,2011,month,1,12,12,1;2;3;4;5;6;7;8;9;10;11;12,12,False
BTS on-time,dot_reporting_airline_id,20437,FL,2011,month,1,12,12,1;2;3;4;5;6;7;8;9;10;11;12,12,False
DB1B,reporting_carrier_code,16,16,2012,quarter,1,4,4,1;2;3;4,4,False
DB1B,reporting_carrier_code,9E,9E,2012,quarter,1,4,4,1;2;3;4,4,False
DB1B,reporting_carrier_code,9L,9L,2012,quarter,1,3,3,1;2;3,4,False
DB1B,reporting_carrier_code,AA,AA,2012,quarter,1,4,4,1;2;3;4,4,False
DB1B,reporting_carrier_code,AS,AS,2012,quarter,1,4,4,1;2;3;4,4,False
DB1B,reporting_carrier_code,B6,B6,2012,quarter,1,4,4,1;2;3;4,4,False
DB1B,reporting_carrier_code,CP,CP,2012,quarter,1,4,4,1;2;3;4,4,False
DB1B,reporting_carrier_code,DL,DL,2012,quarter,1,4,4,1;2;3;4,4,False
DB1B,reporting_carrier_code,EV,EV,2012,quarter,1,4,4,1;2;3;4,4,False
DB1B,reporting_carrier_code,F9,F9,2012,quarter,1,4,4,1;2;3;4,4,False
DB1B,reporting_carrier_code,FL,FL,2012,quarter,1,4,4,1;2;3;4,4,False
DB1B,reporting_carrier_code,G4,G4,2012,quarter,2,4,3,2;3;4,4,False
DB1B,reporting_carrier_code,G7,G7,2012,quarter,1,4,4,1;2;3;4,4,False
DB1B,reporting_carrier_code,HA,HA,2012,quarter,1,4,4,1;2;3;4,4,False
DB1B,reporting_carrier_code,MQ,MQ,2012,quarter,1,4,4,1;2;3;4,4,False
DB1B,reporting_carrier_code,NK,NK,2012,quarter,1,4,4,1;2;3;4,4,False
DB1B,reporting_carrier_code,OH,OH,2012,quarter,1,3,3,1;2;3,4,False
DB1B,reporting_carrier_code,OO,OO,2012,quarter,1,4,4,1;2;3;4,4,False
DB1B,reporting_carrier_code,OW,OW,2012,quarter,1,4,4,1;2;3;4,4,False
DB1B,reporting_carrier_code,QX,QX,2012,quarter,1,4,4,1;2;3;4,4,False
DB1B,reporting_carrier_code,RP,RP,2012,quarter,4,4,1,4,4,False
DB1B,reporting_carrier_code,S5,S5,2012,quarter,1,4,4,1;2;3;4,4,False
DB1B,reporting_carrier_code,SY,SY,2012,quarter,1,4,4,1;2;3;4,4,False
DB1B,reporting_carrier_code,UA,UA,2012,quarter,1,4,4,1;2;3;4,4,False
DB1B,reporting_carrier_code,US,US,2012,quarter,1,4,4,1;2;3;4,4,False
DB1B,reporting_carrier_code,VX,VX,2012,quarter,1,4,4,1;2;3;4,4,False
DB1B,reporting_carrier_code,WN,WN,2012,quarter,1,4,4,1;2;3;4,4,False
DB1B,reporting_carrier_code,YV,YV,2012,quarter,1,4,4,1;2;3;4,4,False
DB1B,reporting_carrier_code,YX,YX,2012,quarter,1,4,4,1;2;3;4,4,False
DB1B,reporting_carrier_code,ZW,ZW,2012,quarter,1,4,4,1;2;3;4,4,False
BTS on-time,dot_reporting_airline_id,19393,WN,2012,month,1,12,12,1;2;3;4;5;6;7;8;9;10;11;12,12,False
BTS on-time,dot_reporting_airline_id,19690,HA,2012,month,1,12,12,1;2;3;4;5;6;7;8;9;10;11;12,12,False
BTS on-time,dot_reporting_airline_id,19790,DL,2012,month,1,12,12,1;2;3;4;5;6;7;8;9;10;11;12,12,False
BTS on-time,dot_reporting_airline_id,19805,AA,2012,month,1,12,12,1;2;3;4;5;6;7;8;9;10;11;12,12,False
BTS on-time,dot_reporting_airline_id,19930,AS,2012,month,1,12,12,1;2;3;4;5;6;7;8;9;10;11;12,12,False
BTS on-time,dot_reporting_airline_id,19977,UA,2012,month,1,12,12,1;2;3;4;5;6;7;8;9;10;11;12,12,False
BTS on-time,dot_reporting_airline_id,20304,OO,2012,month,1,12,12,1;2;3;4;5;6;7;8;9;10;11;12,12,False
BTS on-time,dot_reporting_airline_id,20355,US,2012,month,1,12,12,1;2;3;4;5;6;7;8;9;10;11;12,12,False
BTS on-time,dot_reporting_airline_id,20366,EV,2012,month,1,12,12,1;2;3;4;5;6;7;8;9;10;11;12,12,False
BTS on-time,dot_reporting_airline_id,20378,YV,2012,month,1,12,12,1;2;3;4;5;6;7;8;9;10;11;12,12,False
BTS on-time,dot_reporting_airline_id,20398,MQ,2012,month,1,12,12,1;2;3;4;5;6;7;8;9;10;11;12,12,False
BTS on-time,dot_reporting_airline_id,20409,B6,2012,month,1,12,12,1;2;3;4;5;6;7;8;9;10;11;12,12,False
BTS on-time,dot_reporting_airline_id,20436,F9,2012,month,1,12,12,1;2;3;4;5;6;7;8;9;10;11;12,12,False
BTS on-time,dot_reporting_airline_id,20437,FL,2012,month,1,12,12,1;2;3;4;5;6;7;8;9;10;11;12,12,False
BTS on-time,dot_reporting_airline_id,21171,VX,2012,month,1,12,12,1;2;3;4;5;6;7;8;9;10;11;12,12,False
DB1B,reporting_carrier_code,16,16,2013,quarter,1,4,4,1;2;3;4,4,False
DB1B,reporting_carrier_code,9E,9E,2013,quarter,1,4,4,1;2;3;4,4,False
DB1B,reporting_carrier_code,AA,AA,2013,quarter,1,4,4,1;2;3;4,4,False
DB1B,reporting_carrier_code,AS,AS,2013,quarter,1,4,4,1;2;3;4,4,False
DB1B,reporting_carrier_code,B6,B6,2013,quarter,1,4,4,1;2;3;4,4,False
DB1B,reporting_carrier_code,CP,CP,2013,quarter,1,4,4,1;2;3;4,4,False
DB1B,reporting_carrier_code,DL,DL,2013,quarter,1,4,4,1;2;3;4,4,False
DB1B,reporting_carrier_code,EV,EV,2013,quarter,1,4,4,1;2;3;4,4,False
DB1B,reporting_carrier_code,F9,F9,2013,quarter,1,4,4,1;2;3;4,4,False
DB1B,reporting_carrier_code,FL,FL,2013,quarter,1,4,4,1;2;3;4,4,False
DB1B,reporting_carrier_code,G4,G4,2013,quarter,1,4,4,1;2;3;4,4,False
DB1B,reporting_carrier_code,G7,G7,2013,quarter,1,4,4,1;2;3;4,4,False
DB1B,reporting_carrier_code,HA,HA,2013,quarter,1,4,4,1;2;3;4,4,False
DB1B,reporting_carrier_code,MQ,MQ,2013,quarter,1,4,4,1;2;3;4,4,False
DB1B,reporting_carrier_code,NK,NK,2013,quarter,1,4,4,1;2;3;4,4,False
DB1B,reporting_carrier_code,OO,OO,2013,quarter,1,4,4,1;2;3;4,4,False
DB1B,reporting_carrier_code,QX,QX,2013,quarter,1,4,4,1;2;3;4,4,False
DB1B,reporting_carrier_code,RP,RP,2013,quarter,1,4,4,1;2;3;4,4,False
DB1B,reporting_carrier_code,S5,S5,2013,quarter,1,4,4,1;2;3;4,4,False
DB1B,reporting_carrier_code,SY,SY,2013,quarter,1,4,4,1;2;3;4,4,False
DB1B,reporting_carrier_code,UA,UA,2013,quarter,1,4,4,1;2;3;4,4,False
DB1B,reporting_carrier_code,US,US,2013,quarter,1,4,4,1;2;3;4,4,False
DB1B,reporting_carrier_code,VX,VX,2013,quarter,1,4,4,1;2;3;4,4,False
DB1B,reporting_carrier_code,WN,WN,2013,quarter,1,4,4,1;2;3;4,4,False
DB1B,reporting_carrier_code,YV,YV,2013,quarter,1,4,4,1;2;3;4,4,False
DB1B,reporting_carrier_code,YX,YX,2013,quarter,1,4,4,1;2;3;4,4,False
DB1B,reporting_carrier_code,ZW,ZW,2013,quarter,1,4,4,1;2;3;4,4,False
BTS on-time,dot_reporting_airline_id,19393,WN,2013,month,1,12,12,1;2;3;4;5;6;7;8;9;10;11;12,12,False
BTS on-time,dot_reporting_airline_id,19690,HA,2013,month,1,12,12,1;2;3;4;5;6;7;8;9;10;11;12,12,False
BTS on-time,dot_reporting_airline_id,19790,DL,2013,month,1,12,12,1;2;3;4;5;6;7;8;9;10;11;12,12,False
BTS on-time,dot_reporting_airline_id,19805,AA,2013,month,1,12,12,1;2;3;4;5;6;7;8;9;10;11;12,12,False
BTS on-time,dot_reporting_airline_id,19930,AS,2013,month,1,12,12,1;2;3;4;5;6;7;8;9;10;11;12,12,False
BTS on-time,dot_reporting_airline_id,19977,UA,2013,month,1,12,12,1;2;3;4;5;6;7;8;9;10;11;12,12,False
BTS on-time,dot_reporting_airline_id,20304,OO,2013,month,1,12,12,1;2;3;4;5;6;7;8;9;10;11;12,12,False
BTS on-time,dot_reporting_airline_id,20355,US,2013,month,1,12,12,1;2;3;4;5;6;7;8;9;10;11;12,12,False
BTS on-time,dot_reporting_airline_id,20363,9E,2013,month,1,12,12,1;2;3;4;5;6;7;8;9;10;11;12,12,False
BTS on-time,dot_reporting_airline_id,20366,EV,2013,month,1,12,12,1;2;3;4;5;6;7;8;9;10;11;12,12,False
BTS on-time,dot_reporting_airline_id,20378,YV,2013,month,1,12,12,1;2;3;4;5;6;7;8;9;10;11;12,12,False
BTS on-time,dot_reporting_airline_id,20398,MQ,2013,month,1,12,12,1;2;3;4;5;6;7;8;9;10;11;12,12,False
BTS on-time,dot_reporting_airline_id,20409,B6,2013,month,1,12,12,1;2;3;4;5;6;7;8;9;10;11;12,12,False
BTS on-time,dot_reporting_airline_id,20436,F9,2013,month,1,12,12,1;2;3;4;5;6;7;8;9;10;11;12,12,False
BTS on-time,dot_reporting_airline_id,20437,FL,2013,month,1,12,12,1;2;3;4;5;6;7;8;9;10;11;12,12,False
BTS on-time,dot_reporting_airline_id,21171,VX,2013,month,1,12,12,1;2;3;4;5;6;7;8;9;10;11;12,12,False
DB1B,reporting_carrier_code,16,16,2014,quarter,1,4,4,1;2;3;4,4,False
DB1B,reporting_carrier_code,9E,9E,2014,quarter,1,4,4,1;2;3;4,4,False
DB1B,reporting_carrier_code,AA,AA,2014,quarter,1,4,4,1;2;3;4,4,False
DB1B,reporting_carrier_code,AS,AS,2014,quarter,1,4,4,1;2;3;4,4,False
DB1B,reporting_carrier_code,B6,B6,2014,quarter,1,4,4,1;2;3;4,4,False
DB1B,reporting_carrier_code,CP,CP,2014,quarter,1,4,4,1;2;3;4,4,False
DB1B,reporting_carrier_code,DL,DL,2014,quarter,1,4,4,1;2;3;4,4,False
DB1B,reporting_carrier_code,EV,EV,2014,quarter,1,4,4,1;2;3;4,4,False
DB1B,reporting_carrier_code,F9,F9,2014,quarter,1,4,4,1;2;3;4,4,False
DB1B,reporting_carrier_code,FL,FL,2014,quarter,1,4,4,1;2;3;4,4,False
DB1B,reporting_carrier_code,G4,G4,2014,quarter,1,4,4,1;2;3;4,4,False
DB1B,reporting_carrier_code,G7,G7,2014,quarter,1,4,4,1;2;3;4,4,False
DB1B,reporting_carrier_code,HA,HA,2014,quarter,1,4,4,1;2;3;4,4,False
DB1B,reporting_carrier_code,MQ,MQ,2014,quarter,1,4,4,1;2;3;4,4,False
DB1B,reporting_carrier_code,NK,NK,2014,quarter,1,4,4,1;2;3;4,4,False
DB1B,reporting_carrier_code,OO,OO,2014,quarter,1,4,4,1;2;3;4,4,False
DB1B,reporting_carrier_code,QX,QX,2014,quarter,1,4,4,1;2;3;4,4,False
DB1B,reporting_carrier_code,RP,RP,2014,quarter,1,4,4,1;2;3;4,4,False
DB1B,reporting_carrier_code,S5,S5,2014,quarter,1,4,4,1;2;3;4,4,False
DB1B,reporting_carrier_code,SY,SY,2014,quarter,1,4,4,1;2;3;4,4,False
DB1B,reporting_carrier_code,UA,UA,2014,quarter,1,4,4,1;2;3;4,4,False
DB1B,reporting_carrier_code,US,US,2014,quarter,1,4,4,1;2;3;4,4,False
DB1B,reporting_carrier_code,VX,VX,2014,quarter,1,4,4,1;2;3;4,4,False
DB1B,reporting_carrier_code,WN,WN,2014,quarter,1,4,4,1;2;3;4,4,False
DB1B,reporting_carrier_code,YV,YV,2014,quarter,1,4,4,1;2;3;4,4,False
DB1B,reporting_carrier_code,YX,YX,2014,quarter,1,4,4,1;2;3;4,4,False
DB1B,reporting_carrier_code,ZW,ZW,2014,quarter,1,4,4,1;2;3;4,4,False
BTS on-time,dot_reporting_airline_id,19393,WN,2014,month,1,12,12,1;2;3;4;5;6;7;8;9;10;11;12,12,False
BTS on-time,dot_reporting_airline_id,19690,HA,2014,month,1,12,12,1;2;3;4;5;6;7;8;9;10;11;12,12,False
BTS on-time,dot_reporting_airline_id,19790,DL,2014,month,1,12,12,1;2;3;4;5;6;7;8;9;10;11;12,12,False
BTS on-time,dot_reporting_airline_id,19805,AA,2014,month,1,12,12,1;2;3;4;5;6;7;8;9;10;11;12,12,False
BTS on-time,dot_reporting_airline_id,19930,AS,2014,month,1,12,12,1;2;3;4;5;6;7;8;9;10;11;12,12,False
BTS on-time,dot_reporting_airline_id,19977,UA,2014,month,1,12,12,1;2;3;4;5;6;7;8;9;10;11;12,12,False
BTS on-time,dot_reporting_airline_id,20304,OO,2014,month,1,12,12,1;2;3;4;5;6;7;8;9;10;11;12,12,False
BTS on-time,dot_reporting_airline_id,20355,US,2014,month,1,12,12,1;2;3;4;5;6;7;8;9;10;11;12,12,False
BTS on-time,dot_reporting_airline_id,20366,EV,2014,month,1,12,12,1;2;3;4;5;6;7;8;9;10;11;12,12,False
BTS on-time,dot_reporting_airline_id,20398,MQ,2014,month,1,12,12,1;2;3;4;5;6;7;8;9;10;11;12,12,False
BTS on-time,dot_reporting_airline_id,20409,B6,2014,month,1,12,12,1;2;3;4;5;6;7;8;9;10;11;12,12,False
BTS on-time,dot_reporting_airline_id,20436,F9,2014,month,1,12,12,1;2;3;4;5;6;7;8;9;10;11;12,12,False
BTS on-time,dot_reporting_airline_id,20437,FL,2014,month,1,12,12,1;2;3;4;5;6;7;8;9;10;11;12,12,False
BTS on-time,dot_reporting_airline_id,21171,VX,2014,month,1,12,12,1;2;3;4;5;6;7;8;9;10;11;12,12,False
DB1B,reporting_carrier_code,16,16,2015,quarter,1,2,2,1;2,4,False
DB1B,reporting_carrier_code,9E,9E,2015,quarter,1,4,4,1;2;3;4,4,False
DB1B,reporting_carrier_code,AA,AA,2015,quarter,1,4,4,1;2;3;4,4,False
DB1B,reporting_carrier_code,AS,AS,2015,quarter,1,4,4,1;2;3;4,4,False
DB1B,reporting_carrier_code,B6,B6,2015,quarter,1,4,4,1;2;3;4,4,False
DB1B,reporting_carrier_code,CP,CP,2015,quarter,1,4,4,1;2;3;4,4,False
DB1B,reporting_carrier_code,DL,DL,2015,quarter,1,4,4,1;2;3;4,4,False
DB1B,reporting_carrier_code,EV,EV,2015,quarter,1,4,4,1;2;3;4,4,False
DB1B,reporting_carrier_code,F9,F9,2015,quarter,1,4,4,1;2;3;4,4,False
DB1B,reporting_carrier_code,G4,G4,2015,quarter,1,4,4,1;2;3;4,4,False
DB1B,reporting_carrier_code,G7,G7,2015,quarter,1,4,4,1;2;3;4,4,False
DB1B,reporting_carrier_code,HA,HA,2015,quarter,1,4,4,1;2;3;4,4,False
DB1B,reporting_carrier_code,MQ,MQ,2015,quarter,1,4,4,1;2;3;4,4,False
DB1B,reporting_carrier_code,NK,NK,2015,quarter,1,4,4,1;2;3;4,4,False
DB1B,reporting_carrier_code,OH,OH,2015,quarter,3,4,2,3;4,4,False
DB1B,reporting_carrier_code,OO,OO,2015,quarter,1,4,4,1;2;3;4,4,False
DB1B,reporting_carrier_code,QX,QX,2015,quarter,1,4,4,1;2;3;4,4,False
DB1B,reporting_carrier_code,S5,S5,2015,quarter,1,4,4,1;2;3;4,4,False
DB1B,reporting_carrier_code,SY,SY,2015,quarter,1,4,4,1;2;3;4,4,False
DB1B,reporting_carrier_code,UA,UA,2015,quarter,1,4,4,1;2;3;4,4,False
DB1B,reporting_carrier_code,US,US,2015,quarter,1,2,2,1;2,4,False
DB1B,reporting_carrier_code,VX,VX,2015,quarter,1,4,4,1;2;3;4,4,False
DB1B,reporting_carrier_code,WN,WN,2015,quarter,1,4,4,1;2;3;4,4,False
DB1B,reporting_carrier_code,YV,YV,2015,quarter,1,4,4,1;2;3;4,4,False
DB1B,reporting_carrier_code,YX,YX,2015,quarter,1,4,4,1;2;3;4,4,False
DB1B,reporting_carrier_code,ZW,ZW,2015,quarter,1,4,4,1;2;3;4,4,False
BTS on-time,dot_reporting_airline_id,19393,WN,2015,month,1,12,12,1;2;3;4;5;6;7;8;9;10;11;12,12,False
BTS on-time,dot_reporting_airline_id,19690,HA,2015,month,1,12,12,1;2;3;4;5;6;7;8;9;10;11;12,12,False
BTS on-time,dot_reporting_airline_id,19790,DL,2015,month,1,12,12,1;2;3;4;5;6;7;8;9;10;11;12,12,False
BTS on-time,dot_reporting_airline_id,19805,AA,2015,month,1,12,12,1;2;3;4;5;6;7;8;9;10;11;12,12,False
BTS on-time,dot_reporting_airline_id,19930,AS,2015,month,1,12,12,1;2;3;4;5;6;7;8;9;10;11;12,12,False
BTS on-time,dot_reporting_airline_id,19977,UA,2015,month,1,12,12,1;2;3;4;5;6;7;8;9;10;11;12,12,False
BTS on-time,dot_reporting_airline_id,20304,OO,2015,month,1,12,12,1;2;3;4;5;6;7;8;9;10;11;12,12,False
BTS on-time,dot_reporting_airline_id,20355,US,2015,month,1,6,6,1;2;3;4;5;6,12,False
BTS on-time,dot_reporting_airline_id,20366,EV,2015,month,1,12,12,1;2;3;4;5;6;7;8;9;10;11;12,12,False
BTS on-time,dot_reporting_airline_id,20398,MQ,2015,month,1,12,12,1;2;3;4;5;6;7;8;9;10;11;12,12,False
BTS on-time,dot_reporting_airline_id,20409,B6,2015,month,1,12,12,1;2;3;4;5;6;7;8;9;10;11;12,12,False
BTS on-time,dot_reporting_airline_id,20416,NK,2015,month,1,12,12,1;2;3;4;5;6;7;8;9;10;11;12,12,False
BTS on-time,dot_reporting_airline_id,20436,F9,2015,month,1,12,12,1;2;3;4;5;6;7;8;9;10;11;12,12,False
BTS on-time,dot_reporting_airline_id,21171,VX,2015,month,1,12,12,1;2;3;4;5;6;7;8;9;10;11;12,12,False
DB1B,reporting_carrier_code,9E,9E,2016,quarter,1,4,4,1;2;3;4,4,False
DB1B,reporting_carrier_code,AA,AA,2016,quarter,1,4,4,1;2;3;4,4,False
DB1B,reporting_carrier_code,AS,AS,2016,quarter,1,4,4,1;2;3;4,4,False
DB1B,reporting_carrier_code,B6,B6,2016,quarter,1,4,4,1;2;3;4,4,False
DB1B,reporting_carrier_code,CP,CP,2016,quarter,1,4,4,1;2;3;4,4,False
DB1B,reporting_carrier_code,DL,DL,2016,quarter,1,4,4,1;2;3;4,4,False
DB1B,reporting_carrier_code,EV,EV,2016,quarter,1,4,4,1;2;3;4,4,False
DB1B,reporting_carrier_code,F9,F9,2016,quarter,1,4,4,1;2;3;4,4,False
DB1B,reporting_carrier_code,G4,G4,2016,quarter,1,4,4,1;2;3;4,4,False
DB1B,reporting_carrier_code,G7,G7,2016,quarter,1,4,4,1;2;3;4,4,False
DB1B,reporting_carrier_code,HA,HA,2016,quarter,1,4,4,1;2;3;4,4,False
DB1B,reporting_carrier_code,MQ,MQ,2016,quarter,1,4,4,1;2;3;4,4,False
DB1B,reporting_carrier_code,NK,NK,2016,quarter,1,4,4,1;2;3;4,4,False
DB1B,reporting_carrier_code,OH,OH,2016,quarter,1,4,4,1;2;3;4,4,False
DB1B,reporting_carrier_code,OO,OO,2016,quarter,1,4,4,1;2;3;4,4,False
DB1B,reporting_carrier_code,QX,QX,2016,quarter,1,4,4,1;2;3;4,4,False
DB1B,reporting_carrier_code,S5,S5,2016,quarter,1,4,4,1;2;3;4,4,False
DB1B,reporting_carrier_code,SY,SY,2016,quarter,1,4,4,1;2;3;4,4,False
DB1B,reporting_carrier_code,UA,UA,2016,quarter,1,4,4,1;2;3;4,4,False
DB1B,reporting_carrier_code,VX,VX,2016,quarter,1,4,4,1;2;3;4,4,False
DB1B,reporting_carrier_code,WN,WN,2016,quarter,1,4,4,1;2;3;4,4,False
DB1B,reporting_carrier_code,YV,YV,2016,quarter,1,4,4,1;2;3;4,4,False
DB1B,reporting_carrier_code,YX,YX,2016,quarter,1,4,4,1;2;3;4,4,False
DB1B,reporting_carrier_code,ZW,ZW,2016,quarter,1,4,4,1;2;3;4,4,False
BTS on-time,dot_reporting_airline_id,19393,WN,2016,month,1,12,12,1;2;3;4;5;6;7;8;9;10;11;12,12,False
BTS on-time,dot_reporting_airline_id,19690,HA,2016,month,1,12,12,1;2;3;4;5;6;7;8;9;10;11;12,12,False
BTS on-time,dot_reporting_airline_id,19790,DL,2016,month,1,12,12,1;2;3;4;5;6;7;8;9;10;11;12,12,False
BTS on-time,dot_reporting_airline_id,19805,AA,2016,month,1,12,12,1;2;3;4;5;6;7;8;9;10;11;12,12,False
BTS on-time,dot_reporting_airline_id,19930,AS,2016,month,1,12,12,1;2;3;4;5;6;7;8;9;10;11;12,12,False
BTS on-time,dot_reporting_airline_id,19977,UA,2016,month,1,12,12,1;2;3;4;5;6;7;8;9;10;11;12,12,False
BTS on-time,dot_reporting_airline_id,20304,OO,2016,month,1,12,12,1;2;3;4;5;6;7;8;9;10;11;12,12,False
BTS on-time,dot_reporting_airline_id,20366,EV,2016,month,1,12,12,1;2;3;4;5;6;7;8;9;10;11;12,12,False
BTS on-time,dot_reporting_airline_id,20409,B6,2016,month,1,12,12,1;2;3;4;5;6;7;8;9;10;11;12,12,False
BTS on-time,dot_reporting_airline_id,20416,NK,2016,month,1,12,12,1;2;3;4;5;6;7;8;9;10;11;12,12,False
BTS on-time,dot_reporting_airline_id,20436,F9,2016,month,1,12,12,1;2;3;4;5;6;7;8;9;10;11;12,12,False
BTS on-time,dot_reporting_airline_id,21171,VX,2016,month,1,12,12,1;2;3;4;5;6;7;8;9;10;11;12,12,False
DB1B,reporting_carrier_code,9E,9E,2017,quarter,1,4,4,1;2;3;4,4,False
DB1B,reporting_carrier_code,AA,AA,2017,quarter,1,4,4,1;2;3;4,4,False
DB1B,reporting_carrier_code,AS,AS,2017,quarter,1,4,4,1;2;3;4,4,False
DB1B,reporting_carrier_code,B6,B6,2017,quarter,1,4,4,1;2;3;4,4,False
DB1B,reporting_carrier_code,CP,CP,2017,quarter,1,4,4,1;2;3;4,4,False
DB1B,reporting_carrier_code,DL,DL,2017,quarter,1,4,4,1;2;3;4,4,False
DB1B,reporting_carrier_code,EV,EV,2017,quarter,1,4,4,1;2;3;4,4,False
DB1B,reporting_carrier_code,F9,F9,2017,quarter,1,4,4,1;2;3;4,4,False
DB1B,reporting_carrier_code,G4,G4,2017,quarter,1,4,4,1;2;3;4,4,False
DB1B,reporting_carrier_code,G7,G7,2017,quarter,1,4,4,1;2;3;4,4,False
DB1B,reporting_carrier_code,HA,HA,2017,quarter,1,4,4,1;2;3;4,4,False
DB1B,reporting_carrier_code,MQ,MQ,2017,quarter,1,4,4,1;2;3;4,4,False
DB1B,reporting_carrier_code,NK,NK,2017,quarter,1,4,4,1;2;3;4,4,False
DB1B,reporting_carrier_code,OH,OH,2017,quarter,1,4,4,1;2;3;4,4,False
DB1B,reporting_carrier_code,OO,OO,2017,quarter,1,4,4,1;2;3;4,4,False
DB1B,reporting_carrier_code,QX,QX,2017,quarter,1,4,4,1;2;3;4,4,False
DB1B,reporting_carrier_code,SY,SY,2017,quarter,1,4,4,1;2;3;4,4,False
DB1B,reporting_carrier_code,UA,UA,2017,quarter,1,4,4,1;2;3;4,4,False
DB1B,reporting_carrier_code,VX,VX,2017,quarter,1,4,4,1;2;3;4,4,False
DB1B,reporting_carrier_code,WN,WN,2017,quarter,1,4,4,1;2;3;4,4,False
DB1B,reporting_carrier_code,WP,WP,2017,quarter,1,3,3,1;2;3,4,False
DB1B,reporting_carrier_code,YV,YV,2017,quarter,1,4,4,1;2;3;4,4,False
DB1B,reporting_carrier_code,YX,YX,2017,quarter,1,4,4,1;2;3;4,4,False
DB1B,reporting_carrier_code,ZW,ZW,2017,quarter,1,4,4,1;2;3;4,4,False
BTS on-time,dot_reporting_airline_id,19393,WN,2017,month,1,12,12,1;2;3;4;5;6;7;8;9;10;11;12,12,False
BTS on-time,dot_reporting_airline_id,19690,HA,2017,month,1,12,12,1;2;3;4;5;6;7;8;9;10;11;12,12,False
BTS on-time,dot_reporting_airline_id,19790,DL,2017,month,1,12,12,1;2;3;4;5;6;7;8;9;10;11;12,12,False
BTS on-time,dot_reporting_airline_id,19805,AA,2017,month,1,12,12,1;2;3;4;5;6;7;8;9;10;11;12,12,False
BTS on-time,dot_reporting_airline_id,19930,AS,2017,month,1,12,12,1;2;3;4;5;6;7;8;9;10;11;12,12,False
BTS on-time,dot_reporting_airline_id,19977,UA,2017,month,1,12,12,1;2;3;4;5;6;7;8;9;10;11;12,12,False
BTS on-time,dot_reporting_airline_id,20304,OO,2017,month,1,12,12,1;2;3;4;5;6;7;8;9;10;11;12,12,False
BTS on-time,dot_reporting_airline_id,20366,EV,2017,month,1,12,12,1;2;3;4;5;6;7;8;9;10;11;12,12,False
BTS on-time,dot_reporting_airline_id,20409,B6,2017,month,1,12,12,1;2;3;4;5;6;7;8;9;10;11;12,12,False
BTS on-time,dot_reporting_airline_id,20416,NK,2017,month,1,12,12,1;2;3;4;5;6;7;8;9;10;11;12,12,False
BTS on-time,dot_reporting_airline_id,20436,F9,2017,month,1,12,12,1;2;3;4;5;6;7;8;9;10;11;12,12,False
BTS on-time,dot_reporting_airline_id,21171,VX,2017,month,1,12,12,1;2;3;4;5;6;7;8;9;10;11;12,12,False
DB1B,reporting_carrier_code,9E,9E,2018,quarter,1,4,4,1;2;3;4,4,False
DB1B,reporting_carrier_code,AA,AA,2018,quarter,1,4,4,1;2;3;4,4,False
DB1B,reporting_carrier_code,AS,AS,2018,quarter,1,4,4,1;2;3;4,4,False
DB1B,reporting_carrier_code,B6,B6,2018,quarter,1,4,4,1;2;3;4,4,False
DB1B,reporting_carrier_code,CP,CP,2018,quarter,1,4,4,1;2;3;4,4,False
DB1B,reporting_carrier_code,DL,DL,2018,quarter,1,4,4,1;2;3;4,4,False
DB1B,reporting_carrier_code,EV,EV,2018,quarter,1,4,4,1;2;3;4,4,False
DB1B,reporting_carrier_code,F9,F9,2018,quarter,1,4,4,1;2;3;4,4,False
DB1B,reporting_carrier_code,G4,G4,2018,quarter,1,4,4,1;2;3;4,4,False
DB1B,reporting_carrier_code,G7,G7,2018,quarter,1,4,4,1;2;3;4,4,False
DB1B,reporting_carrier_code,HA,HA,2018,quarter,1,4,4,1;2;3;4,4,False
DB1B,reporting_carrier_code,MQ,MQ,2018,quarter,1,4,4,1;2;3;4,4,False
DB1B,reporting_carrier_code,NK,NK,2018,quarter,1,4,4,1;2;3;4,4,False
DB1B,reporting_carrier_code,OH,OH,2018,quarter,1,4,4,1;2;3;4,4,False
DB1B,reporting_carrier_code,OO,OO,2018,quarter,1,4,4,1;2;3;4,4,False
DB1B,reporting_carrier_code,QX,QX,2018,quarter,1,4,4,1;2;3;4,4,False
DB1B,reporting_carrier_code,SY,SY,2018,quarter,1,4,4,1;2;3;4,4,False
DB1B,reporting_carrier_code,UA,UA,2018,quarter,1,4,4,1;2;3;4,4,False
DB1B,reporting_carrier_code,VX,VX,2018,quarter,1,1,1,1,4,False
DB1B,reporting_carrier_code,WN,WN,2018,quarter,1,4,4,1;2;3;4,4,False
DB1B,reporting_carrier_code,YV,YV,2018,quarter,1,4,4,1;2;3;4,4,False
DB1B,reporting_carrier_code,YX,YX,2018,quarter,1,4,4,1;2;3;4,4,False
BTS on-time,dot_reporting_airline_id,19393,WN,2018,month,1,12,12,1;2;3;4;5;6;7;8;9;10;11;12,12,False
BTS on-time,dot_reporting_airline_id,19690,HA,2018,month,1,12,11,1;2;3;4;5;6;7;9;10;11;12,12,False
BTS on-time,dot_reporting_airline_id,19790,DL,2018,month,1,12,12,1;2;3;4;5;6;7;8;9;10;11;12,12,False
BTS on-time,dot_reporting_airline_id,19805,AA,2018,month,1,12,12,1;2;3;4;5;6;7;8;9;10;11;12,12,False
BTS on-time,dot_reporting_airline_id,19930,AS,2018,month,1,12,12,1;2;3;4;5;6;7;8;9;10;11;12,12,False
BTS on-time,dot_reporting_airline_id,19977,UA,2018,month,1,12,12,1;2;3;4;5;6;7;8;9;10;11;12,12,False
BTS on-time,dot_reporting_airline_id,20304,OO,2018,month,1,12,12,1;2;3;4;5;6;7;8;9;10;11;12,12,False
BTS on-time,dot_reporting_airline_id,20363,9E,2018,month,1,12,12,1;2;3;4;5;6;7;8;9;10;11;12,12,False
BTS on-time,dot_reporting_airline_id,20366,EV,2018,month,1,12,12,1;2;3;4;5;6;7;8;9;10;11;12,12,False
BTS on-time,dot_reporting_airline_id,20368,G4,2018,month,1,12,12,1;2;3;4;5;6;7;8;9;10;11;12,12,False
BTS on-time,dot_reporting_airline_id,20378,YV,2018,month,1,12,12,1;2;3;4;5;6;7;8;9;10;11;12,12,False
BTS on-time,dot_reporting_airline_id,20397,OH,2018,month,1,12,12,1;2;3;4;5;6;7;8;9;10;11;12,12,False
BTS on-time,dot_reporting_airline_id,20398,MQ,2018,month,1,12,12,1;2;3;4;5;6;7;8;9;10;11;12,12,False
BTS on-time,dot_reporting_airline_id,20409,B6,2018,month,1,12,12,1;2;3;4;5;6;7;8;9;10;11;12,12,False
BTS on-time,dot_reporting_airline_id,20416,NK,2018,month,1,12,12,1;2;3;4;5;6;7;8;9;10;11;12,12,False
BTS on-time,dot_reporting_airline_id,20436,F9,2018,month,1,12,12,1;2;3;4;5;6;7;8;9;10;11;12,12,False
BTS on-time,dot_reporting_airline_id,20452,YX,2018,month,1,12,12,1;2;3;4;5;6;7;8;9;10;11;12,12,False
BTS on-time,dot_reporting_airline_id,21171,VX,2018,month,1,3,3,1;2;3,12,False
DB1B,reporting_carrier_code,9E,9E,2019,quarter,1,4,4,1;2;3;4,4,False
DB1B,reporting_carrier_code,AA,AA,2019,quarter,1,4,4,1;2;3;4,4,False
DB1B,reporting_carrier_code,AS,AS,2019,quarter,1,4,4,1;2;3;4,4,False
DB1B,reporting_carrier_code,B6,B6,2019,quarter,1,4,4,1;2;3;4,4,False
DB1B,reporting_carrier_code,CP,CP,2019,quarter,1,4,4,1;2;3;4,4,False
DB1B,reporting_carrier_code,DL,DL,2019,quarter,1,4,4,1;2;3;4,4,False
DB1B,reporting_carrier_code,EV,EV,2019,quarter,1,4,4,1;2;3;4,4,False
DB1B,reporting_carrier_code,F9,F9,2019,quarter,1,4,4,1;2;3;4,4,False
DB1B,reporting_carrier_code,G4,G4,2019,quarter,1,4,4,1;2;3;4,4,False
DB1B,reporting_carrier_code,G7,G7,2019,quarter,1,4,4,1;2;3;4,4,False
DB1B,reporting_carrier_code,HA,HA,2019,quarter,1,4,4,1;2;3;4,4,False
DB1B,reporting_carrier_code,MQ,MQ,2019,quarter,1,4,4,1;2;3;4,4,False
DB1B,reporting_carrier_code,NK,NK,2019,quarter,1,4,4,1;2;3;4,4,False
DB1B,reporting_carrier_code,OH,OH,2019,quarter,1,4,4,1;2;3;4,4,False
DB1B,reporting_carrier_code,OO,OO,2019,quarter,1,4,4,1;2;3;4,4,False
DB1B,reporting_carrier_code,QX,QX,2019,quarter,1,4,4,1;2;3;4,4,False
DB1B,reporting_carrier_code,SY,SY,2019,quarter,1,4,4,1;2;3;4,4,False
DB1B,reporting_carrier_code,UA,UA,2019,quarter,1,4,4,1;2;3;4,4,False
DB1B,reporting_carrier_code,WN,WN,2019,quarter,1,4,4,1;2;3;4,4,False
DB1B,reporting_carrier_code,YV,YV,2019,quarter,1,4,4,1;2;3;4,4,False
DB1B,reporting_carrier_code,YX,YX,2019,quarter,1,4,4,1;2;3;4,4,False
BTS on-time,dot_reporting_airline_id,19393,WN,2019,month,1,12,12,1;2;3;4;5;6;7;8;9;10;11;12,12,False
BTS on-time,dot_reporting_airline_id,19690,HA,2019,month,1,12,12,1;2;3;4;5;6;7;8;9;10;11;12,12,False
BTS on-time,dot_reporting_airline_id,19790,DL,2019,month,1,12,12,1;2;3;4;5;6;7;8;9;10;11;12,12,False
BTS on-time,dot_reporting_airline_id,19805,AA,2019,month,1,12,12,1;2;3;4;5;6;7;8;9;10;11;12,12,False
BTS on-time,dot_reporting_airline_id,19930,AS,2019,month,1,12,12,1;2;3;4;5;6;7;8;9;10;11;12,12,False
BTS on-time,dot_reporting_airline_id,19977,UA,2019,month,1,12,12,1;2;3;4;5;6;7;8;9;10;11;12,12,False
BTS on-time,dot_reporting_airline_id,20304,OO,2019,month,1,12,12,1;2;3;4;5;6;7;8;9;10;11;12,12,False
BTS on-time,dot_reporting_airline_id,20363,9E,2019,month,1,12,12,1;2;3;4;5;6;7;8;9;10;11;12,12,False
BTS on-time,dot_reporting_airline_id,20366,EV,2019,month,1,12,12,1;2;3;4;5;6;7;8;9;10;11;12,12,False
BTS on-time,dot_reporting_airline_id,20368,G4,2019,month,1,12,12,1;2;3;4;5;6;7;8;9;10;11;12,12,False
BTS on-time,dot_reporting_airline_id,20378,YV,2019,month,1,12,12,1;2;3;4;5;6;7;8;9;10;11;12,12,False
BTS on-time,dot_reporting_airline_id,20397,OH,2019,month,1,12,12,1;2;3;4;5;6;7;8;9;10;11;12,12,False
BTS on-time,dot_reporting_airline_id,20398,MQ,2019,month,1,12,12,1;2;3;4;5;6;7;8;9;10;11;12,12,False
BTS on-time,dot_reporting_airline_id,20409,B6,2019,month,1,12,12,1;2;3;4;5;6;7;8;9;10;11;12,12,False
BTS on-time,dot_reporting_airline_id,20416,NK,2019,month,1,12,12,1;2;3;4;5;6;7;8;9;10;11;12,12,False
BTS on-time,dot_reporting_airline_id,20436,F9,2019,month,1,12,12,1;2;3;4;5;6;7;8;9;10;11;12,12,False
BTS on-time,dot_reporting_airline_id,20452,YX,2019,month,1,12,12,1;2;3;4;5;6;7;8;9;10;11;12,12,False
DB1B,reporting_carrier_code,3M,3M,2020,quarter,1,4,4,1;2;3;4,4,False
DB1B,reporting_carrier_code,9E,9E,2020,quarter,1,4,4,1;2;3;4,4,False
DB1B,reporting_carrier_code,AA,AA,2020,quarter,1,4,4,1;2;3;4,4,False
DB1B,reporting_carrier_code,AS,AS,2020,quarter,1,4,4,1;2;3;4,4,False
DB1B,reporting_carrier_code,B6,B6,2020,quarter,1,4,4,1;2;3;4,4,False
DB1B,reporting_carrier_code,C5,C5,2020,quarter,4,4,1,4,4,False
DB1B,reporting_carrier_code,CP,CP,2020,quarter,1,2,2,1;2,4,False
DB1B,reporting_carrier_code,DL,DL,2020,quarter,1,4,4,1;2;3;4,4,False
DB1B,reporting_carrier_code,EV,EV,2020,quarter,1,3,3,1;2;3,4,False
DB1B,reporting_carrier_code,F9,F9,2020,quarter,1,4,4,1;2;3;4,4,False
DB1B,reporting_carrier_code,G4,G4,2020,quarter,1,4,4,1;2;3;4,4,False
DB1B,reporting_carrier_code,G7,G7,2020,quarter,1,4,4,1;2;3;4,4,False
DB1B,reporting_carrier_code,HA,HA,2020,quarter,1,4,4,1;2;3;4,4,False
DB1B,reporting_carrier_code,MQ,MQ,2020,quarter,1,4,4,1;2;3;4,4,False
DB1B,reporting_carrier_code,NK,NK,2020,quarter,1,4,4,1;2;3;4,4,False
DB1B,reporting_carrier_code,OH,OH,2020,quarter,1,4,4,1;2;3;4,4,False
DB1B,reporting_carrier_code,OO,OO,2020,quarter,1,4,4,1;2;3;4,4,False
DB1B,reporting_carrier_code,QX,QX,2020,quarter,1,4,4,1;2;3;4,4,False
DB1B,reporting_carrier_code,SY,SY,2020,quarter,1,4,4,1;2;3;4,4,False
DB1B,reporting_carrier_code,UA,UA,2020,quarter,1,4,4,1;2;3;4,4,False
DB1B,reporting_carrier_code,WN,WN,2020,quarter,1,4,4,1;2;3;4,4,False
DB1B,reporting_carrier_code,YV,YV,2020,quarter,1,4,4,1;2;3;4,4,False
DB1B,reporting_carrier_code,YX,YX,2020,quarter,1,4,4,1;2;3;4,4,False
BTS on-time,dot_reporting_airline_id,19393,WN,2020,month,1,12,12,1;2;3;4;5;6;7;8;9;10;11;12,12,False
BTS on-time,dot_reporting_airline_id,19690,HA,2020,month,1,12,12,1;2;3;4;5;6;7;8;9;10;11;12,12,False
BTS on-time,dot_reporting_airline_id,19790,DL,2020,month,1,12,12,1;2;3;4;5;6;7;8;9;10;11;12,12,False
BTS on-time,dot_reporting_airline_id,19805,AA,2020,month,1,12,12,1;2;3;4;5;6;7;8;9;10;11;12,12,False
BTS on-time,dot_reporting_airline_id,19930,AS,2020,month,1,12,12,1;2;3;4;5;6;7;8;9;10;11;12,12,False
BTS on-time,dot_reporting_airline_id,19977,UA,2020,month,1,12,12,1;2;3;4;5;6;7;8;9;10;11;12,12,False
BTS on-time,dot_reporting_airline_id,20304,OO,2020,month,1,12,12,1;2;3;4;5;6;7;8;9;10;11;12,12,False
BTS on-time,dot_reporting_airline_id,20363,9E,2020,month,1,12,12,1;2;3;4;5;6;7;8;9;10;11;12,12,False
BTS on-time,dot_reporting_airline_id,20366,EV,2020,month,1,9,9,1;2;3;4;5;6;7;8;9,12,False
BTS on-time,dot_reporting_airline_id,20368,G4,2020,month,1,12,12,1;2;3;4;5;6;7;8;9;10;11;12,12,False
BTS on-time,dot_reporting_airline_id,20378,YV,2020,month,1,12,12,1;2;3;4;5;6;7;8;9;10;11;12,12,False
BTS on-time,dot_reporting_airline_id,20397,OH,2020,month,1,12,12,1;2;3;4;5;6;7;8;9;10;11;12,12,False
BTS on-time,dot_reporting_airline_id,20398,MQ,2020,month,1,12,12,1;2;3;4;5;6;7;8;9;10;11;12,12,False
BTS on-time,dot_reporting_airline_id,20409,B6,2020,month,1,12,12,1;2;3;4;5;6;7;8;9;10;11;12,12,False
BTS on-time,dot_reporting_airline_id,20416,NK,2020,month,1,12,12,1;2;3;4;5;6;7;8;9;10;11;12,12,False
BTS on-time,dot_reporting_airline_id,20436,F9,2020,month,1,12,12,1;2;3;4;5;6;7;8;9;10;11;12,12,False
BTS on-time,dot_reporting_airline_id,20452,YX,2020,month,1,12,12,1;2;3;4;5;6;7;8;9;10;11;12,12,False
DB1B,reporting_carrier_code,3M,3M,2021,quarter,1,4,4,1;2;3;4,4,False
DB1B,reporting_carrier_code,9E,9E,2021,quarter,1,4,4,1;2;3;4,4,False
DB1B,reporting_carrier_code,AA,AA,2021,quarter,1,4,4,1;2;3;4,4,False
DB1B,reporting_carrier_code,AS,AS,2021,quarter,1,4,4,1;2;3;4,4,False
DB1B,reporting_carrier_code,B6,B6,2021,quarter,1,4,4,1;2;3;4,4,False
DB1B,reporting_carrier_code,C5,C5,2021,quarter,1,4,4,1;2;3;4,4,False
DB1B,reporting_carrier_code,DL,DL,2021,quarter,1,4,4,1;2;3;4,4,False
DB1B,reporting_carrier_code,F9,F9,2021,quarter,1,4,4,1;2;3;4,4,False
DB1B,reporting_carrier_code,G4,G4,2021,quarter,1,4,4,1;2;3;4,4,False
DB1B,reporting_carrier_code,G7,G7,2021,quarter,1,4,4,1;2;3;4,4,False
DB1B,reporting_carrier_code,HA,HA,2021,quarter,1,4,4,1;2;3;4,4,False
DB1B,reporting_carrier_code,MQ,MQ,2021,quarter,1,4,4,1;2;3;4,4,False
DB1B,reporting_carrier_code,NK,NK,2021,quarter,1,4,4,1;2;3;4,4,False
DB1B,reporting_carrier_code,OH,OH,2021,quarter,1,4,4,1;2;3;4,4,False
DB1B,reporting_carrier_code,OO,OO,2021,quarter,1,4,4,1;2;3;4,4,False
DB1B,reporting_carrier_code,PT,PT,2021,quarter,1,4,4,1;2;3;4,4,False
DB1B,reporting_carrier_code,QX,QX,2021,quarter,1,4,4,1;2;3;4,4,False
DB1B,reporting_carrier_code,SY,SY,2021,quarter,1,4,4,1;2;3;4,4,False
DB1B,reporting_carrier_code,UA,UA,2021,quarter,1,4,4,1;2;3;4,4,False
DB1B,reporting_carrier_code,WN,WN,2021,quarter,1,4,4,1;2;3;4,4,False
DB1B,reporting_carrier_code,YV,YV,2021,quarter,1,4,4,1;2;3;4,4,False
DB1B,reporting_carrier_code,YX,YX,2021,quarter,1,4,4,1;2;3;4,4,False
DB1B,reporting_carrier_code,ZW,ZW,2021,quarter,1,4,4,1;2;3;4,4,False
BTS on-time,dot_reporting_airline_id,19393,WN,2021,month,1,12,12,1;2;3;4;5;6;7;8;9;10;11;12,12,False
BTS on-time,dot_reporting_airline_id,19687,QX,2021,month,1,12,12,1;2;3;4;5;6;7;8;9;10;11;12,12,False
BTS on-time,dot_reporting_airline_id,19690,HA,2021,month,1,12,12,1;2;3;4;5;6;7;8;9;10;11;12,12,False
BTS on-time,dot_reporting_airline_id,19790,DL,2021,month,1,12,12,1;2;3;4;5;6;7;8;9;10;11;12,12,False
BTS on-time,dot_reporting_airline_id,19805,AA,2021,month,1,12,12,1;2;3;4;5;6;7;8;9;10;11;12,12,False
BTS on-time,dot_reporting_airline_id,19930,AS,2021,month,1,12,12,1;2;3;4;5;6;7;8;9;10;11;12,12,False
BTS on-time,dot_reporting_airline_id,19977,UA,2021,month,1,12,12,1;2;3;4;5;6;7;8;9;10;11;12,12,False
BTS on-time,dot_reporting_airline_id,20304,OO,2021,month,1,12,12,1;2;3;4;5;6;7;8;9;10;11;12,12,False
BTS on-time,dot_reporting_airline_id,20363,9E,2021,month,1,12,12,1;2;3;4;5;6;7;8;9;10;11;12,12,False
BTS on-time,dot_reporting_airline_id,20368,G4,2021,month,1,12,12,1;2;3;4;5;6;7;8;9;10;11;12,12,False
BTS on-time,dot_reporting_airline_id,20378,YV,2021,month,1,12,12,1;2;3;4;5;6;7;8;9;10;11;12,12,False
BTS on-time,dot_reporting_airline_id,20397,OH,2021,month,1,12,12,1;2;3;4;5;6;7;8;9;10;11;12,12,False
BTS on-time,dot_reporting_airline_id,20398,MQ,2021,month,1,12,12,1;2;3;4;5;6;7;8;9;10;11;12,12,False
BTS on-time,dot_reporting_airline_id,20409,B6,2021,month,1,12,12,1;2;3;4;5;6;7;8;9;10;11;12,12,False
BTS on-time,dot_reporting_airline_id,20416,NK,2021,month,1,12,12,1;2;3;4;5;6;7;8;9;10;11;12,12,False
BTS on-time,dot_reporting_airline_id,20436,F9,2021,month,1,12,12,1;2;3;4;5;6;7;8;9;10;11;12,12,False
BTS on-time,dot_reporting_airline_id,20452,YX,2021,month,1,12,12,1;2;3;4;5;6;7;8;9;10;11;12,12,False
DB1B,reporting_carrier_code,3M,3M,2022,quarter,1,4,4,1;2;3;4,4,False
DB1B,reporting_carrier_code,9E,9E,2022,quarter,1,4,4,1;2;3;4,4,False
DB1B,reporting_carrier_code,AA,AA,2022,quarter,1,4,4,1;2;3;4,4,False
DB1B,reporting_carrier_code,AS,AS,2022,quarter,1,4,4,1;2;3;4,4,False
DB1B,reporting_carrier_code,B6,B6,2022,quarter,1,4,4,1;2;3;4,4,False
DB1B,reporting_carrier_code,C5,C5,2022,quarter,1,4,4,1;2;3;4,4,False
DB1B,reporting_carrier_code,DL,DL,2022,quarter,1,4,4,1;2;3;4,4,False
DB1B,reporting_carrier_code,F9,F9,2022,quarter,1,4,4,1;2;3;4,4,False
DB1B,reporting_carrier_code,G4,G4,2022,quarter,1,4,4,1;2;3;4,4,False
DB1B,reporting_carrier_code,G7,G7,2022,quarter,1,4,4,1;2;3;4,4,False
DB1B,reporting_carrier_code,HA,HA,2022,quarter,1,4,4,1;2;3;4,4,False
DB1B,reporting_carrier_code,MQ,MQ,2022,quarter,1,4,4,1;2;3;4,4,False
DB1B,reporting_carrier_code,MX,MX,2022,quarter,2,4,3,2;3;4,4,False
DB1B,reporting_carrier_code,NK,NK,2022,quarter,1,4,4,1;2;3;4,4,False
DB1B,reporting_carrier_code,OH,OH,2022,quarter,1,4,4,1;2;3;4,4,False
DB1B,reporting_carrier_code,OO,OO,2022,quarter,1,4,4,1;2;3;4,4,False
DB1B,reporting_carrier_code,PT,PT,2022,quarter,1,4,4,1;2;3;4,4,False
DB1B,reporting_carrier_code,QX,QX,2022,quarter,1,4,4,1;2;3;4,4,False
DB1B,reporting_carrier_code,SY,SY,2022,quarter,1,4,4,1;2;3;4,4,False
DB1B,reporting_carrier_code,UA,UA,2022,quarter,1,4,4,1;2;3;4,4,False
DB1B,reporting_carrier_code,WN,WN,2022,quarter,1,4,4,1;2;3;4,4,False
DB1B,reporting_carrier_code,XP,XP,2022,quarter,2,3,2,2;3,4,False
DB1B,reporting_carrier_code,YV,YV,2022,quarter,1,4,4,1;2;3;4,4,False
DB1B,reporting_carrier_code,YX,YX,2022,quarter,1,4,4,1;2;3;4,4,False
DB1B,reporting_carrier_code,ZW,ZW,2022,quarter,1,4,4,1;2;3;4,4,False
BTS on-time,dot_reporting_airline_id,19393,WN,2022,month,1,12,12,1;2;3;4;5;6;7;8;9;10;11;12,12,False
BTS on-time,dot_reporting_airline_id,19687,QX,2022,month,1,12,12,1;2;3;4;5;6;7;8;9;10;11;12,12,False
BTS on-time,dot_reporting_airline_id,19690,HA,2022,month,1,12,12,1;2;3;4;5;6;7;8;9;10;11;12,12,False
BTS on-time,dot_reporting_airline_id,19790,DL,2022,month,1,12,12,1;2;3;4;5;6;7;8;9;10;11;12,12,False
BTS on-time,dot_reporting_airline_id,19805,AA,2022,month,1,12,12,1;2;3;4;5;6;7;8;9;10;11;12,12,False
BTS on-time,dot_reporting_airline_id,19930,AS,2022,month,1,12,12,1;2;3;4;5;6;7;8;9;10;11;12,12,False
BTS on-time,dot_reporting_airline_id,19977,UA,2022,month,1,12,12,1;2;3;4;5;6;7;8;9;10;11;12,12,False
BTS on-time,dot_reporting_airline_id,20304,OO,2022,month,1,12,12,1;2;3;4;5;6;7;8;9;10;11;12,12,False
BTS on-time,dot_reporting_airline_id,20363,9E,2022,month,1,12,12,1;2;3;4;5;6;7;8;9;10;11;12,12,False
BTS on-time,dot_reporting_airline_id,20368,G4,2022,month,1,12,12,1;2;3;4;5;6;7;8;9;10;11;12,12,False
BTS on-time,dot_reporting_airline_id,20378,YV,2022,month,1,12,12,1;2;3;4;5;6;7;8;9;10;11;12,12,False
BTS on-time,dot_reporting_airline_id,20397,OH,2022,month,1,12,12,1;2;3;4;5;6;7;8;9;10;11;12,12,False
BTS on-time,dot_reporting_airline_id,20398,MQ,2022,month,1,12,12,1;2;3;4;5;6;7;8;9;10;11;12,12,False
BTS on-time,dot_reporting_airline_id,20409,B6,2022,month,1,12,12,1;2;3;4;5;6;7;8;9;10;11;12,12,False
BTS on-time,dot_reporting_airline_id,20416,NK,2022,month,1,12,12,1;2;3;4;5;6;7;8;9;10;11;12,12,False
BTS on-time,dot_reporting_airline_id,20436,F9,2022,month,1,12,12,1;2;3;4;5;6;7;8;9;10;11;12,12,False
BTS on-time,dot_reporting_airline_id,20452,YX,2022,month,1,12,12,1;2;3;4;5;6;7;8;9;10;11;12,12,False
DB1B,reporting_carrier_code,3M,3M,2023,quarter,1,4,4,1;2;3;4,4,False
DB1B,reporting_carrier_code,9E,9E,2023,quarter,1,4,4,1;2;3;4,4,False
DB1B,reporting_carrier_code,AA,AA,2023,quarter,1,4,4,1;2;3;4,4,False
DB1B,reporting_carrier_code,AS,AS,2023,quarter,1,4,4,1;2;3;4,4,False
DB1B,reporting_carrier_code,B6,B6,2023,quarter,1,4,4,1;2;3;4,4,False
DB1B,reporting_carrier_code,C5,C5,2023,quarter,1,4,4,1;2;3;4,4,False
DB1B,reporting_carrier_code,DL,DL,2023,quarter,1,4,4,1;2;3;4,4,False
DB1B,reporting_carrier_code,F9,F9,2023,quarter,1,4,4,1;2;3;4,4,False
DB1B,reporting_carrier_code,G4,G4,2023,quarter,1,4,4,1;2;3;4,4,False
DB1B,reporting_carrier_code,G7,G7,2023,quarter,1,4,4,1;2;3;4,4,False
DB1B,reporting_carrier_code,HA,HA,2023,quarter,1,4,4,1;2;3;4,4,False
DB1B,reporting_carrier_code,MQ,MQ,2023,quarter,1,4,4,1;2;3;4,4,False
DB1B,reporting_carrier_code,MX,MX,2023,quarter,1,4,4,1;2;3;4,4,False
DB1B,reporting_carrier_code,NK,NK,2023,quarter,1,4,4,1;2;3;4,4,False
DB1B,reporting_carrier_code,OH,OH,2023,quarter,1,4,4,1;2;3;4,4,False
DB1B,reporting_carrier_code,OO,OO,2023,quarter,1,4,4,1;2;3;4,4,False
DB1B,reporting_carrier_code,PT,PT,2023,quarter,1,4,4,1;2;3;4,4,False
DB1B,reporting_carrier_code,QX,QX,2023,quarter,1,4,4,1;2;3;4,4,False
DB1B,reporting_carrier_code,SY,SY,2023,quarter,1,4,4,1;2;3;4,4,False
DB1B,reporting_carrier_code,UA,UA,2023,quarter,1,4,4,1;2;3;4,4,False
DB1B,reporting_carrier_code,WN,WN,2023,quarter,1,4,4,1;2;3;4,4,False
DB1B,reporting_carrier_code,YV,YV,2023,quarter,1,4,4,1;2;3;4,4,False
DB1B,reporting_carrier_code,YX,YX,2023,quarter,1,4,4,1;2;3;4,4,False
DB1B,reporting_carrier_code,ZW,ZW,2023,quarter,1,4,4,1;2;3;4,4,False
BTS on-time,dot_reporting_airline_id,19393,WN,2023,month,1,12,12,1;2;3;4;5;6;7;8;9;10;11;12,12,False
BTS on-time,dot_reporting_airline_id,19690,HA,2023,month,1,12,12,1;2;3;4;5;6;7;8;9;10;11;12,12,False
BTS on-time,dot_reporting_airline_id,19790,DL,2023,month,1,12,12,1;2;3;4;5;6;7;8;9;10;11;12,12,False
BTS on-time,dot_reporting_airline_id,19805,AA,2023,month,1,12,12,1;2;3;4;5;6;7;8;9;10;11;12,12,False
BTS on-time,dot_reporting_airline_id,19930,AS,2023,month,1,12,12,1;2;3;4;5;6;7;8;9;10;11;12,12,False
BTS on-time,dot_reporting_airline_id,19977,UA,2023,month,1,12,12,1;2;3;4;5;6;7;8;9;10;11;12,12,False
BTS on-time,dot_reporting_airline_id,20304,OO,2023,month,1,12,12,1;2;3;4;5;6;7;8;9;10;11;12,12,False
BTS on-time,dot_reporting_airline_id,20363,9E,2023,month,1,12,12,1;2;3;4;5;6;7;8;9;10;11;12,12,False
BTS on-time,dot_reporting_airline_id,20368,G4,2023,month,1,12,12,1;2;3;4;5;6;7;8;9;10;11;12,12,False
BTS on-time,dot_reporting_airline_id,20397,OH,2023,month,1,12,12,1;2;3;4;5;6;7;8;9;10;11;12,12,False
BTS on-time,dot_reporting_airline_id,20398,MQ,2023,month,1,12,12,1;2;3;4;5;6;7;8;9;10;11;12,12,False
BTS on-time,dot_reporting_airline_id,20409,B6,2023,month,1,12,12,1;2;3;4;5;6;7;8;9;10;11;12,12,False
BTS on-time,dot_reporting_airline_id,20416,NK,2023,month,1,12,12,1;2;3;4;5;6;7;8;9;10;11;12,12,False
BTS on-time,dot_reporting_airline_id,20436,F9,2023,month,1,12,12,1;2;3;4;5;6;7;8;9;10;11;12,12,False
BTS on-time,dot_reporting_airline_id,20452,YX,2023,month,1,12,12,1;2;3;4;5;6;7;8;9;10;11;12,12,False
DB1B,reporting_carrier_code,3M,3M,2024,quarter,1,4,4,1;2;3;4,4,False
DB1B,reporting_carrier_code,9E,9E,2024,quarter,1,4,4,1;2;3;4,4,False
DB1B,reporting_carrier_code,AA,AA,2024,quarter,1,4,4,1;2;3;4,4,False
DB1B,reporting_carrier_code,AS,AS,2024,quarter,1,4,4,1;2;3;4,4,False
DB1B,reporting_carrier_code,B6,B6,2024,quarter,1,4,4,1;2;3;4,4,False
DB1B,reporting_carrier_code,C5,C5,2024,quarter,1,4,4,1;2;3;4,4,False
DB1B,reporting_carrier_code,DL,DL,2024,quarter,1,4,4,1;2;3;4,4,False
DB1B,reporting_carrier_code,F9,F9,2024,quarter,1,4,4,1;2;3;4,4,False
DB1B,reporting_carrier_code,G4,G4,2024,quarter,1,1,1,1,4,False
DB1B,reporting_carrier_code,G7,G7,2024,quarter,1,4,4,1;2;3;4,4,False
DB1B,reporting_carrier_code,HA,HA,2024,quarter,1,4,4,1;2;3;4,4,False
DB1B,reporting_carrier_code,MQ,MQ,2024,quarter,1,4,4,1;2;3;4,4,False
DB1B,reporting_carrier_code,MX,MX,2024,quarter,1,4,4,1;2;3;4,4,False
DB1B,reporting_carrier_code,NK,NK,2024,quarter,1,4,4,1;2;3;4,4,False
DB1B,reporting_carrier_code,OH,OH,2024,quarter,1,4,4,1;2;3;4,4,False
DB1B,reporting_carrier_code,OO,OO,2024,quarter,1,4,4,1;2;3;4,4,False
DB1B,reporting_carrier_code,PT,PT,2024,quarter,1,4,4,1;2;3;4,4,False
DB1B,reporting_carrier_code,QX,QX,2024,quarter,1,4,4,1;2;3;4,4,False
DB1B,reporting_carrier_code,SY,SY,2024,quarter,1,4,4,1;2;3;4,4,False
DB1B,reporting_carrier_code,UA,UA,2024,quarter,1,4,4,1;2;3;4,4,False
DB1B,reporting_carrier_code,WN,WN,2024,quarter,1,4,4,1;2;3;4,4,False
DB1B,reporting_carrier_code,XP,XP,2024,quarter,2,2,1,2,4,False
DB1B,reporting_carrier_code,YV,YV,2024,quarter,1,4,4,1;2;3;4,4,False
DB1B,reporting_carrier_code,YX,YX,2024,quarter,1,4,4,1;2;3;4,4,False
DB1B,reporting_carrier_code,ZW,ZW,2024,quarter,1,4,4,1;2;3;4,4,False
BTS on-time,dot_reporting_airline_id,19393,WN,2024,month,1,12,12,1;2;3;4;5;6;7;8;9;10;11;12,12,False
BTS on-time,dot_reporting_airline_id,19690,HA,2024,month,1,12,12,1;2;3;4;5;6;7;8;9;10;11;12,12,False
BTS on-time,dot_reporting_airline_id,19790,DL,2024,month,1,12,12,1;2;3;4;5;6;7;8;9;10;11;12,12,False
BTS on-time,dot_reporting_airline_id,19805,AA,2024,month,1,12,12,1;2;3;4;5;6;7;8;9;10;11;12,12,False
BTS on-time,dot_reporting_airline_id,19930,AS,2024,month,1,12,12,1;2;3;4;5;6;7;8;9;10;11;12,12,False
BTS on-time,dot_reporting_airline_id,19977,UA,2024,month,1,12,12,1;2;3;4;5;6;7;8;9;10;11;12,12,False
BTS on-time,dot_reporting_airline_id,20304,OO,2024,month,1,12,12,1;2;3;4;5;6;7;8;9;10;11;12,12,False
BTS on-time,dot_reporting_airline_id,20363,9E,2024,month,1,12,12,1;2;3;4;5;6;7;8;9;10;11;12,12,False
BTS on-time,dot_reporting_airline_id,20368,G4,2024,month,1,12,12,1;2;3;4;5;6;7;8;9;10;11;12,12,False
BTS on-time,dot_reporting_airline_id,20397,OH,2024,month,1,12,12,1;2;3;4;5;6;7;8;9;10;11;12,12,False
BTS on-time,dot_reporting_airline_id,20398,MQ,2024,month,1,12,12,1;2;3;4;5;6;7;8;9;10;11;12,12,False
BTS on-time,dot_reporting_airline_id,20409,B6,2024,month,1,12,12,1;2;3;4;5;6;7;8;9;10;11;12,12,False
BTS on-time,dot_reporting_airline_id,20416,NK,2024,month,1,12,12,1;2;3;4;5;6;7;8;9;10;11;12,12,False
BTS on-time,dot_reporting_airline_id,20436,F9,2024,month,1,12,12,1;2;3;4;5;6;7;8;9;10;11;12,12,False
BTS on-time,dot_reporting_airline_id,20452,YX,2024,month,1,12,12,1;2;3;4;5;6;7;8;9;10;11;12,12,False
DB1B,reporting_carrier_code,3M,3M,2025,quarter,1,2,2,1;2,2,True
DB1B,reporting_carrier_code,9E,9E,2025,quarter,1,2,2,1;2,2,True
DB1B,reporting_carrier_code,AA,AA,2025,quarter,1,2,2,1;2,2,True
DB1B,reporting_carrier_code,AS,AS,2025,quarter,1,2,2,1;2,2,True
DB1B,reporting_carrier_code,B6,B6,2025,quarter,1,2,2,1;2,2,True
DB1B,reporting_carrier_code,C5,C5,2025,quarter,1,2,2,1;2,2,True
DB1B,reporting_carrier_code,DL,DL,2025,quarter,1,2,2,1;2,2,True
DB1B,reporting_carrier_code,F9,F9,2025,quarter,1,2,2,1;2,2,True
DB1B,reporting_carrier_code,G7,G7,2025,quarter,1,2,2,1;2,2,True
DB1B,reporting_carrier_code,HA,HA,2025,quarter,1,2,2,1;2,2,True
DB1B,reporting_carrier_code,MQ,MQ,2025,quarter,1,2,2,1;2,2,True
DB1B,reporting_carrier_code,MX,MX,2025,quarter,1,2,2,1;2,2,True
DB1B,reporting_carrier_code,NK,NK,2025,quarter,1,2,2,1;2,2,True
DB1B,reporting_carrier_code,OH,OH,2025,quarter,1,2,2,1;2,2,True
DB1B,reporting_carrier_code,OO,OO,2025,quarter,1,2,2,1;2,2,True
DB1B,reporting_carrier_code,PT,PT,2025,quarter,1,2,2,1;2,2,True
DB1B,reporting_carrier_code,QX,QX,2025,quarter,1,2,2,1;2,2,True
DB1B,reporting_carrier_code,SY,SY,2025,quarter,1,2,2,1;2,2,True
DB1B,reporting_carrier_code,UA,UA,2025,quarter,1,2,2,1;2,2,True
DB1B,reporting_carrier_code,WN,WN,2025,quarter,1,2,2,1;2,2,True
DB1B,reporting_carrier_code,YV,YV,2025,quarter,1,2,2,1;2,2,True
DB1B,reporting_carrier_code,YX,YX,2025,quarter,1,2,2,1;2,2,True
DB1B,reporting_carrier_code,ZW,ZW,2025,quarter,1,2,2,1;2,2,True
BTS on-time,dot_reporting_airline_id,19393,WN,2025,month,1,6,6,1;2;3;4;5;6,6,True
BTS on-time,dot_reporting_airline_id,19690,HA,2025,month,1,6,6,1;2;3;4;5;6,6,True
BTS on-time,dot_reporting_airline_id,19790,DL,2025,month,1,6,6,1;2;3;4;5;6,6,True
BTS on-time,dot_reporting_airline_id,19805,AA,2025,month,1,6,6,1;2;3;4;5;6,6,True
BTS on-time,dot_reporting_airline_id,19930,AS,2025,month,1,6,6,1;2;3;4;5;6,6,True
BTS on-time,dot_reporting_airline_id,19977,UA,2025,month,1,6,6,1;2;3;4;5;6,6,True
BTS on-time,dot_reporting_airline_id,20304,OO,2025,month,1,6,6,1;2;3;4;5;6,6,True
BTS on-time,dot_reporting_airline_id,20368,G4,2025,month,1,6,6,1;2;3;4;5;6,6,True
BTS on-time,dot_reporting_airline_id,20397,OH,2025,month,1,6,6,1;2;3;4;5;6,6,True
BTS on-time,dot_reporting_airline_id,20398,MQ,2025,month,1,6,6,1;2;3;4;5;6,6,True
BTS on-time,dot_reporting_airline_id,20409,B6,2025,month,1,6,6,1;2;3;4;5;6,6,True
BTS on-time,dot_reporting_airline_id,20416,NK,2025,month,1,6,6,1;2;3;4;5;6,6,True
BTS on-time,dot_reporting_airline_id,20436,F9,2025,month,1,6,6,1;2;3;4;5;6,6,True
BTS on-time,dot_reporting_airline_id,20452,YX,2025,month,1,6,6,1;2;3;4;5;6,6,True
