year,quarter,regime,partial_year,expected_months,observed_months,national_flights,scoped_flights,db1b_reporting_codes,operations_reporting_dot_ids,scoped_operations_reporting_dot_ids,primary_cells,primary_matched,primary_fare_only,primary_operations_only,primary_fare_passengers,primary_matched_passengers,primary_passenger_weighted_coverage,primary_low_support_fare_cells,primary_partial_month_operations_cells,primary_missing_outcome_operations_cells,broad_cells,broad_matched,broad_fare_only,broad_operations_only,broad_fare_passengers,broad_matched_passengers,broad_passenger_weighted_coverage,broad_low_support_fare_cells,broad_partial_month_operations_cells,broad_missing_outcome_operations_cells
2010,1,pre_2020,False,3,3,1554341,509577,35,18,18,790,724,66,0,2726326.0,2722136.0,0.9984631331689607,30,4,0,791,724,67,0,2734538.0,2730339.0,0.9984644572501826,31,4,0
2010,2,pre_2020,False,3,3,1623764,527353,34,18,18,802,732,70,0,3053956.0,3049682.0,0.998600503740067,42,14,0,802,732,70,0,3061506.0,3057223.0,0.9986010153172981,42,14,0
2010,3,pre_2020,False,3,3,1666112,536888,34,18,18,798,728,70,0,3016250.0,3011840.0,0.998537919602155,37,5,0,799,728,71,0,3024738.0,3020316.0,0.9985380551968468,38,5,0
2010,4,pre_2020,False,3,3,1605900,527168,34,18,18,801,720,81,0,3126291.0,3120783.0,0.9982381678480986,43,3,0,801,720,81,0,3135449.0,3129926.0,0.9982385297927028,43,3,0
2011,1,pre_2020,False,3,3,1476603,514086,33,16,16,805,717,87,1,2810076.0,2805952.0,0.998532424034083,50,8,0,805,717,87,1,2815453.0,2811320.0,0.9985320301919443,48,8,0
2011,2,pre_2020,False,3,3,1556224,537155,32,16,16,795,716,79,0,3228252.0,3220885.0,0.9977179600601193,34,2,0,795,716,79,0,3237025.0,3229641.0,0.9977188931194538,34,2,0
2011,3,pre_2020,False,3,3,1576129,544598,32,16,16,800,716,84,0,3129466.0,3123053.0,0.9979507685975818,36,4,0,800,716,84,0,3140395.0,3133966.0,0.9979528052999702,36,4,0
2011,4,pre_2020,False,3,3,1476325,514879,33,16,16,799,716,83,0,3128243.0,3124054.0,0.998660909654397,40,8,0,800,716,84,0,3142272.0,3138080.0,0.9986659334392439,41,8,0
2012,1,pre_2020,False,3,3,1472587,519688,28,15,15,796,712,83,1,2908879.0,2905403.0,0.9988050379544835,39,5,0,797,712,84,1,2919821.0,2916337.0,0.9988067761688131,40,5,0
2012,2,pre_2020,False,3,3,1550574,542913,29,15,15,804,722,82,0,3264109.0,3259559.0,0.9986060514523258,40,10,0,804,722,82,0,3272384.0,3267825.0,0.9986068260937592,40,10,0
2012,3,pre_2020,False,3,3,1576123,549370,29,15,15,802,726,76,0,3184518.0,3180346.0,0.9986899116286986,37,6,0,802,726,76,0,3195383.0,3191210.0,0.9986940532637245,37,6,0
2012,4,pre_2020,False,3,3,1497478,527753,28,15,15,803,722,80,1,3201556.0,3196778.0,0.9985076006791698,35,3,0,804,722,81,1,3213112.0,3208330.0,0.9985117232141301,36,3,0
2013,1,pre_2020,False,3,3,1531577,523443,27,16,16,797,723,74,0,3018428.0,3015235.0,0.9989421645969359,50,6,0,797,723,74,0,3027649.0,3024455.0,0.9989450560484389,50,6,0
2013,2,pre_2020,False,3,3,1637176,553511,27,16,16,802,726,75,1,3402617.0,3395132.0,0.9978002225933744,35,6,0,802,726,75,1,3412588.0,3404670.0,0.997679766792827,35,6,0
2013,3,pre_2020,False,3,3,1645350,552725,27,16,16,803,725,77,1,3164131.0,3155525.0,0.9972801378956813,35,5,1,803,725,77,1,3172725.0,3163697.0,0.997154496529009,35,5,1
2013,4,pre_2020,False,3,3,1555379,526937,27,16,16,806,722,84,0,3270806.0,3265701.0,0.9984392226258604,49,3,0,807,722,85,0,3283637.0,3277665.0,0.9981812849593301,49,3,0
2014,1,pre_2020,False,3,3,1406309,504938,27,14,14,803,721,82,0,3052779.0,3048050.0,0.9984509196374844,47,7,0,803,721,82,0,3065540.0,3059971.0,0.9981833543193043,47,7,0
2014,2,pre_2020,False,3,3,1485394,527646,27,14,14,805,725,80,0,3419364.0,3410895.0,0.9975232236170235,40,10,0,805,725,80,0,3430056.0,3421149.0,0.9974032493930128,40,10,0
2014,3,pre_2020,False,3,3,1497860,533882,27,14,14,804,725,79,0,3327303.0,3316137.0,0.9966441288935813,41,5,0,804,725,79,0,3338233.0,3326443.0,0.9964681914054532,41,5,0
2014,4,pre_2020,False,3,3,1430248,517767,27,14,14,808,728,79,1,3440673.0,3430301.0,0.9969854734814962,45,9,0,808,728,79,1,3456962.0,3446028.0,0.9968371072635452,44,9,0
2015,1,pre_2020,False,3,3,1403471,527463,25,14,14,810,732,78,0,3230867.0,3227152.0,0.9988501538441539,47,8,0,810,732,78,0,3256860.0,3253138.0,0.9988571814569862,47,8,0
2015,2,pre_2020,False,3,3,1486041,559010,25,14,14,803,734,68,1,3662734.0,3658535.0,0.9988535886034858,34,5,1,803,734,68,1,3684314.0,3680112.0,0.9988594891749183,34,5,1
2015,3,pre_2020,False,3,3,1496200,560682,24,13,13,800,733,67,0,3706220.0,3701209.0,0.9986479485837322,33,1,0,800,733,67,0,3731133.0,3726101.0,0.9986513479953676,32,1,0
2015,4,pre_2020,False,3,3,1433367,544070,24,13,13,804,738,66,0,3884283.0,3880574.0,0.9990451262176314,35,10,0,804,738,66,0,3929369.0,3925612.0,0.9990438668396885,35,10,0
2016,1,pre_2020,False,3,3,1348838,536521,24,12,12,801,735,65,1,3664928.0,3661035.0,0.9989377690366632,33,8,1,801,735,65,1,3717651.0,3713742.0,0.9989485295957043,32,8,1
2016,2,pre_2020,False,3,3,1428625,563440,24,12,12,805,738,67,0,4172294.0,4167943.0,0.9989571684066367,30,10,1,805,738,67,0,4217467.0,4213097.0,0.9989638330305844,30,10,1
2016,3,pre_2020,False,3,3,1455682,570486,24,12,12,798,734,64,0,4094124.0,4090048.0,0.9990044268322112,33,4,0,798,734,64,0,4128179.0,4124090.0,0.9990094906252854,33,4,0
2016,4,pre_2020,False,3,3,1384513,545742,24,12,12,798,736,62,0,4129930.0,4126260.0,0.9991113650836697,34,15,0,798,736,62,0,4176836.0,4173151.0,0.9991177532467159,34,15,0
2017,1,pre_2020,False,3,3,1349131,534117,24,12,12,792,733,59,0,3924220.0,3921373.0,0.9992745055068268,30,3,0,792,733,59,0,3973370.0,3970518.0,0.9992822213888966,30,3,0
2017,2,pre_2020,False,3,3,1449077,567880,24,12,12,800,746,54,0,4397524.0,4394589.0,0.9993325789694383,32,8,0,800,746,54,0,4442890.0,4439954.0,0.9993391688743138,32,8,0
2017,3,pre_2020,False,3,3,1478246,572059,24,12,12,797,746,51,0,4288593.0,4285649.0,0.9993135277700635,31,11,0,797,746,51,0,4335851.0,4332906.0,0.9993207792426446,31,11,0
2017,4,pre_2020,False,3,3,1398162,546437,23,12,12,803,746,57,0,4346290.0,4343765.0,0.9994190447485096,36,16,0,803,746,57,0,4424773.0,4422245.0,0.99942867125613,35,16,0
2018,1,pre_2020,False,3,3,1702941,577132,22,18,18,796,745,49,2,4069596.0,4067627.0,0.9995161681896679,37,3,0,796,746,49,1,4161652.0,4159678.0,0.9995256691333153,38,3,0
2018,2,pre_2020,False,3,3,1838866,611328,21,17,17,794,760,34,0,4620410.0,4618861.0,0.999664748366487,22,6,0,794,760,34,0,4681916.0,4680367.0,0.9996691525435313,22,6,0
2018,3,pre_2020,False,3,3,1868185,612472,21,17,17,793,758,34,1,4435313.0,4433554.0,0.9996034101764633,22,7,1,793,758,34,1,4493646.0,4491885.0,0.9996081133226783,22,7,1
2018,4,pre_2020,False,3,3,1796201,587211,21,17,17,797,764,33,0,4440139.0,4438810.0,0.9997006850461213,26,20,0,797,764,33,0,4523307.0,4521977.0,0.9997059673376139,26,20,0
2019,1,pre_2020,False,3,3,1749234,576224,21,17,17,796,752,44,0,4086469.0,4084752.0,0.9995798328581472,31,4,0,797,752,45,0,4191991.0,4190269.0,0.9995892166753221,32,4,0
2019,2,pre_2020,False,3,3,1885104,604238,21,17,17,799,762,35,2,4630450.0,4629229.0,0.9997363107257394,26,18,0,799,762,35,2,4714817.0,4713595.0,0.9997408170879166,26,18,0
2019,3,pre_2020,False,3,3,1923469,606378,21,17,17,788,758,30,0,4508427.0,4507384.0,0.9997686554534431,26,11,0,788,758,30,0,4540669.0,4539626.0,0.9997702981653144,26,11,0
2019,4,pre_2020,False,3,3,1864230,593727,21,17,17,802,753,48,1,4583896.0,4582041.0,0.9995953224069656,39,14,0,802,753,48,1,4663096.0,4661241.0,0.9996021956228223,39,14,0
2020,1,pandemic_2020_2021,False,3,3,1829843,588743,22,17,17,785,748,37,0,3302598.0,3301651.0,0.9997132560487229,34,10,0,785,748,37,0,3411071.0,3410119.0,0.9997209087702953,34,10,0
2020,2,pandemic_2020_2021,False,3,3,717731,207004,22,17,17,756,718,29,9,469882.0,469793.0,0.9998105907440592,93,104,18,757,719,30,8,499040.0,498945.0,0.9998096344982366,95,104,18
2020,3,pandemic_2020_2021,False,3,3,1052950,331554,21,17,16,758,717,41,0,1295149.0,1294704.0,0.9996564101890979,46,41,0,759,717,42,0,1430481.0,1430030.0,0.9996847214328607,47,41,0
2020,4,pandemic_2020_2021,False,3,3,1087830,347563,21,16,16,770,731,38,1,1663464.0,1662696.0,0.9995383128219186,42,46,0,770,731,38,1,1810733.0,1809963.0,0.9995747578466841,42,46,0
2021,1,pandemic_2020_2021,False,3,3,1138372,357023,23,17,17,772,740,32,0,1909384.0,1908355.0,0.9994610827366313,32,24,0,772,740,32,0,2077439.0,2076410.0,0.999504678597061,32,24,0
2021,2,pandemic_2020_2021,False,3,3,1492305,457514,23,17,17,788,746,42,0,3274231.0,3272337.0,0.9994215435624426,36,15,0,788,746,42,0,3389809.0,3387914.0,0.9994409714529638,36,15,0
2021,3,pandemic_2020_2021,False,3,3,1700488,511908,23,17,17,785,742,43,0,3795216.0,3793291.0,0.9994927824924853,34,6,0,786,742,44,0,3903758.0,3901832.0,0.9995066292531453,35,6,0
2021,4,pandemic_2020_2021,False,3,3,1664232,529496,23,17,17,795,752,43,0,3988224.0,3987220.0,0.9997482588741254,33,18,0,795,752,43,0,4135107.0,4134103.0,0.9997572009623935,33,18,0
2022,1,recovery_2022_onward,False,3,3,1598468,519329,23,17,17,790,753,36,1,3577997.0,3577322.0,0.9998113469631194,32,11,0,790,753,36,1,3596661.0,3595983.0,0.9998114918253347,32,11,0
2022,2,recovery_2022_onward,False,3,3,1712604,547570,25,17,17,794,756,38,0,4338703.0,4337341.0,0.9996860813012552,26,16,0,794,756,38,0,4358717.0,4357355.0,0.9996875227274448,26,16,0
2022,3,recovery_2022_onward,False,3,3,1742261,554429,25,17,17,791,754,37,0,4213846.0,4212024.0,0.9995676159024321,29,12,0,792,754,38,0,4243759.0,4241936.0,0.9995704280096961,30,12,0
2022,4,recovery_2022_onward,False,3,3,1675792,550539,24,17,17,795,756,39,0,4361958.0,4360647.0,0.9996994468997639,30,18,0,795,756,39,0,4398709.0,4397397.0,0.9997017306668843,30,18,0
2023,1,recovery_2022_onward,False,3,3,1621908,547217,24,15,15,793,744,49,0,4091315.0,4089679.0,0.9996001285650212,38,6,0,793,744,49,0,4126648.0,4125012.0,0.9996035523262464,38,6,0
2023,2,recovery_2022_onward,False,3,3,1718661,570140,24,15,15,804,750,52,2,4586566.0,4584306.0,0.9995072566272893,37,12,1,804,750,52,2,4619220.0,4616958.0,0.999510306934937,37,12,1
2023,3,recovery_2022_onward,False,3,3,1774191,574654,24,15,15,799,759,40,0,4418505.0,4416873.0,0.999630644301636,33,10,0,799,759,40,0,4455002.0,4453369.0,0.9996334457313375,32,10,0
2023,4,recovery_2022_onward,False,3,3,1733139,572300,24,15,15,802,766,36,0,4472363.0,4470978.0,0.9996903203071844,32,8,0,802,766,36,0,4516545.0,4515159.0,0.9996931282650787,32,8,0
2024,1,recovery_2022_onward,False,3,3,1658259,548586,24,15,15,792,763,28,1,4130709.0,4129367.0,0.9996751163056996,29,12,0,792,763,28,1,4157798.0,4156455.0,0.9996769924849644,29,12,0
2024,2,recovery_2022_onward,False,3,3,1803060,582414,24,15,14,782,752,30,0,4785854.0,4783945.0,0.9996011161226398,22,4,0,782,752,30,0,4818582.0,4816669.0,0.9996029952380182,22,4,0
2024,3,recovery_2022_onward,False,3,3,1836260,580282,23,15,14,775,751,22,2,4603416.0,4601498.0,0.9995833528840322,15,9,1,775,751,22,2,4638084.0,4636166.0,0.9995864671704954,15,9,1
2024,4,recovery_2022_onward,False,3,3,1781482,571981,23,15,14,781,755,26,0,4659625.0,4658349.0,0.9997261582208868,22,15,0,781,755,26,0,4692556.0,4691280.0,0.9997280799632439,22,15,0
2025,1,recovery_2022_onward,True,3,3,1645503,545168,23,14,13,778,752,26,0,4038407.0,4037562.0,0.999790759079013,31,6,0,778,752,26,0,4068989.0,4068144.0,0.999792331706967,31,6,0
2025,2,recovery_2022_onward,True,3,3,1801173,575526,23,14,13,782,744,38,0,4597123.0,4595703.0,0.9996911111580004,32,10,0,782,744,38,0,4627451.0,4626031.0,0.9996931355945207,32,10,0
