Year,Month,DOT_ID_Reporting_Airline,Reporting_Airline,OriginAirportID,DestAirportID,Origin,Dest,flights,cancelled,diverted,cancelled_and_diverted,delay_observed,delay_missing_eligible,delayed_15,delayed_60,arrival_delay_sum,cancellation_rate,diversion_rate,delay_15_rate,delay_60_rate,mean_arrival_delay
2010,1,19393,WN,11292,12892,DEN,LAX,171,1,0,0,170,0,20,1,-1348.0,0.005847953216374269,0.0,0.11764705882352941,0.0058823529411764705,-7.929411764705883
2010,1,19393,WN,11292,14747,DEN,SEA,73,0,0,0,73,0,14,2,-532.0,0.0,0.0,0.1917808219178082,0.0273972602739726,-7.287671232876712
2010,1,19393,WN,12892,11292,LAX,DEN,172,2,0,0,170,0,36,13,1377.0,0.011627906976744186,0.0,0.21176470588235294,0.07647058823529412,8.1
2010,1,19393,WN,14747,11292,SEA,DEN,73,0,0,0,73,0,9,2,-134.0,0.0,0.0,0.1232876712328767,0.0273972602739726,-1.8356164383561644
2010,1,19790,DL,10397,11292,ATL,DEN,239,3,0,0,236,0,29,3,-1790.0,0.012552301255230125,0.0,0.1228813559322034,0.012711864406779662,-7.584745762711864
2010,1,19790,DL,10397,11298,ATL,DFW,311,7,0,0,304,0,45,9,208.0,0.022508038585209004,0.0,0.14802631578947367,0.029605263157894735,0.6842105263157895
2010,1,19790,DL,10397,12478,ATL,JFK,186,1,0,0,185,0,45,15,1939.0,0.005376344086021506,0.0,0.24324324324324326,0.08108108108108109,10.481081081081081
2010,1,19790,DL,10397,12892,ATL,LAX,302,0,0,0,302,0,35,10,-2295.0,0.0,0.0,0.11589403973509933,0.033112582781456956,-7.599337748344371
2010,1,19790,DL,10397,13930,ATL,ORD,159,6,0,0,153,0,25,1,-316.0,0.03773584905660377,0.0,0.16339869281045752,0.006535947712418301,-2.065359477124183
2010,1,19790,DL,10397,14747,ATL,SEA,153,1,0,0,152,0,19,4,-2032.0,0.006535947712418301,0.0,0.125,0.02631578947368421,-13.368421052631579
2010,1,19790,DL,11292,10397,DEN,ATL,238,3,1,0,234,0,30,8,330.0,0.012605042016806723,0.004201680672268907,0.1282051282051282,0.03418803418803419,1.4102564102564104
2010,1,19790,DL,11292,12478,DEN,JFK,31,0,0,0,31,0,9,0,163.0,0.0,0.0,0.2903225806451613,0.0,5.258064516129032
2010,1,19790,DL,11298,10397,DFW,ATL,311,7,1,0,303,0,46,10,1866.0,0.022508038585209004,0.003215434083601286,0.15181518151815182,0.033003300330033,6.158415841584159
2010,1,19790,DL,12478,10397,JFK,ATL,190,3,1,0,186,0,24,9,-1239.0,0.015789473684210527,0.005263157894736842,0.12903225806451613,0.04838709677419355,-6.661290322580645
2010,1,19790,DL,12478,11292,JFK,DEN,31,0,0,0,31,0,4,2,-907.0,0.0,0.0,0.12903225806451613,0.06451612903225806,-29.258064516129032
2010,1,19790,DL,12478,12892,JFK,LAX,202,0,1,0,201,0,14,6,-5859.0,0.0,0.0049504950495049506,0.06965174129353234,0.029850746268656716,-29.149253731343283
2010,1,19790,DL,12478,14747,JFK,SEA,62,1,0,0,61,0,6,2,-1807.0,0.016129032258064516,0.0,0.09836065573770492,0.03278688524590164,-29.62295081967213
2010,1,19790,DL,12892,10397,LAX,ATL,306,0,3,0,303,0,53,11,199.0,0.0,0.00980392156862745,0.17491749174917492,0.036303630363036306,0.6567656765676567
2010,1,19790,DL,12892,12478,LAX,JFK,203,0,0,0,203,0,49,2,377.0,0.0,0.0,0.2413793103448276,0.009852216748768473,1.8571428571428572
2010,1,19790,DL,13930,10397,ORD,ATL,160,6,0,0,154,0,22,6,-31.0,0.0375,0.0,0.14285714285714285,0.03896103896103896,-0.2012987012987013
2010,1,19790,DL,14747,10397,SEA,ATL,153,1,1,0,151,0,16,6,277.0,0.006535947712418301,0.006535947712418301,0.10596026490066225,0.039735099337748346,1.8344370860927153
2010,1,19790,DL,14747,12478,SEA,JFK,62,1,0,0,61,0,5,0,-282.0,0.016129032258064516,0.0,0.08196721311475409,0.0,-4.622950819672131
2010,1,19805,AA,10397,11298,ATL,DFW,288,14,0,0,274,0,30,8,-69.0,0.04861111111111111,0.0,0.10948905109489052,0.029197080291970802,-0.2518248175182482
2010,1,19805,AA,10397,13930,ATL,ORD,112,5,0,0,107,0,12,2,-883.0,0.044642857142857144,0.0,0.11214953271028037,0.018691588785046728,-8.25233644859813
2010,1,19805,AA,11292,11298,DEN,DFW,310,9,0,0,301,0,39,6,-372.0,0.02903225806451613,0.0,0.12956810631229235,0.019933554817275746,-1.2358803986710964
2010,1,19805,AA,11292,12892,DEN,LAX,62,0,0,0,62,0,10,2,-33.0,0.0,0.0,0.16129032258064516,0.03225806451612903,-0.532258064516129
2010,1,19805,AA,11292,13930,DEN,ORD,124,4,0,0,120,0,17,3,-170.0,0.03225806451612903,0.0,0.14166666666666666,0.025,-1.4166666666666667
2010,1,19805,AA,11298,10397,DFW,ATL,288,14,2,0,272,0,32,7,-343.0,0.04861111111111111,0.006944444444444444,0.11764705882352941,0.025735294117647058,-1.2610294117647058
2010,1,19805,AA,11298,11292,DFW,DEN,310,8,0,0,302,0,48,9,626.0,0.025806451612903226,0.0,0.15894039735099338,0.029801324503311258,2.0728476821192054
2010,1,19805,AA,11298,12478,DFW,JFK,31,1,0,0,30,0,8,2,260.0,0.03225806451612903,0.0,0.26666666666666666,0.06666666666666667,8.666666666666666
2010,1,19805,AA,11298,12892,DFW,LAX,482,11,2,0,469,0,105,24,2779.0,0.022821576763485476,0.004149377593360996,0.22388059701492538,0.0511727078891258,5.925373134328358
2010,1,19805,AA,11298,13930,DFW,ORD,448,16,0,0,432,0,82,19,929.0,0.03571428571428571,0.0,0.18981481481481483,0.04398148148148148,2.150462962962963
2010,1,19805,AA,11298,14747,DFW,SEA,212,1,0,0,211,0,31,5,-1539.0,0.0047169811320754715,0.0,0.14691943127962084,0.023696682464454975,-7.293838862559242
2010,1,19805,AA,12478,11298,JFK,DFW,31,0,1,0,30,0,12,4,626.0,0.0,0.03225806451612903,0.4,0.13333333333333333,20.866666666666667
2010,1,19805,AA,12478,12892,JFK,LAX,305,4,1,0,300,0,29,13,-7791.0,0.013114754098360656,0.003278688524590164,0.09666666666666666,0.043333333333333335,-25.97
2010,1,19805,AA,12478,13930,JFK,ORD,31,0,1,0,30,0,5,2,-206.0,0.0,0.03225806451612903,0.16666666666666666,0.06666666666666667,-6.866666666666666
2010,1,19805,AA,12478,14747,JFK,SEA,31,0,0,0,31,0,5,4,-519.0,0.0,0.0,0.16129032258064516,0.12903225806451613,-16.741935483870968
2010,1,19805,AA,12892,11292,LAX,DEN,62,0,0,0,62,0,7,1,-34.0,0.0,0.0,0.11290322580645161,0.016129032258064516,-0.5483870967741935
2010,1,19805,AA,12892,11298,LAX,DFW,481,7,0,0,474,0,77,24,2004.0,0.014553014553014554,0.0,0.16244725738396623,0.05063291139240506,4.227848101265823
2010,1,19805,AA,12892,12478,LAX,JFK,305,3,0,0,302,0,35,12,-1942.0,0.009836065573770493,0.0,0.11589403973509933,0.039735099337748346,-6.430463576158941
2010,1,19805,AA,12892,13930,LAX,ORD,274,5,0,0,269,0,43,6,-150.0,0.01824817518248175,0.0,0.15985130111524162,0.022304832713754646,-0.5576208178438662
2010,1,19805,AA,13930,10397,ORD,ATL,112,5,0,0,107,0,16,2,-757.0,0.044642857142857144,0.0,0.14953271028037382,0.018691588785046728,-7.074766355140187
2010,1,19805,AA,13930,11292,ORD,DEN,124,4,1,0,119,0,13,3,-768.0,0.03225806451612903,0.008064516129032258,0.1092436974789916,0.025210084033613446,-6.453781512605042
2010,1,19805,AA,13930,11298,ORD,DFW,448,13,3,0,432,0,64,20,-1358.0,0.029017857142857144,0.006696428571428571,0.14814814814814814,0.046296296296296294,-3.1435185185185186
2010,1,19805,AA,13930,12478,ORD,JFK,31,2,0,0,29,0,7,4,214.0,0.06451612903225806,0.0,0.2413793103448276,0.13793103448275862,7.379310344827586
2010,1,19805,AA,13930,12892,ORD,LAX,274,5,1,0,268,0,45,14,-208.0,0.01824817518248175,0.0036496350364963502,0.16791044776119404,0.05223880597014925,-0.7761194029850746
2010,1,19805,AA,13930,14747,ORD,SEA,119,1,0,0,118,0,9,1,-1796.0,0.008403361344537815,0.0,0.07627118644067797,0.00847457627118644,-15.220338983050848
2010,1,19805,AA,14747,11298,SEA,DFW,212,1,0,0,211,0,28,9,783.0,0.0047169811320754715,0.0,0.13270142180094788,0.04265402843601896,3.7109004739336493
2010,1,19805,AA,14747,12478,SEA,JFK,31,0,0,0,31,0,3,1,-358.0,0.0,0.0,0.0967741935483871,0.03225806451612903,-11.548387096774194
2010,1,19805,AA,14747,13930,SEA,ORD,119,1,0,0,118,0,13,2,-747.0,0.008403361344537815,0.0,0.11016949152542373,0.01694915254237288,-6.330508474576271
2010,1,19930,AS,10397,14747,ATL,SEA,31,0,0,0,31,0,14,2,435.0,0.0,0.0,0.45161290322580644,0.06451612903225806,14.03225806451613
2010,1,19930,AS,11292,14747,DEN,SEA,89,0,0,0,89,0,7,2,-1099.0,0.0,0.0,0.07865168539325842,0.02247191011235955,-12.348314606741573
2010,1,19930,AS,11298,14747,DFW,SEA,62,0,0,0,62,0,8,2,-245.0,0.0,0.0,0.12903225806451613,0.03225806451612903,-3.9516129032258065
2010,1,19930,AS,12892,14747,LAX,SEA,278,1,0,0,277,0,27,3,-2453.0,0.0035971223021582736,0.0,0.09747292418772563,0.010830324909747292,-8.855595667870036
2010,1,19930,AS,13930,14747,ORD,SEA,62,0,0,0,62,0,11,4,-89.0,0.0,0.0,0.1774193548387097,0.06451612903225806,-1.435483870967742
2010,1,19930,AS,14747,10397,SEA,ATL,31,0,0,0,31,0,2,0,-355.0,0.0,0.0,0.06451612903225806,0.0,-11.451612903225806
2010,1,19930,AS,14747,11292,SEA,DEN,89,0,0,0,89,0,7,0,-218.0,0.0,0.0,0.07865168539325842,0.0,-2.449438202247191
2010,1,19930,AS,14747,11298,SEA,DFW,62,0,0,0,62,0,13,1,262.0,0.0,0.0,0.20967741935483872,0.016129032258064516,4.225806451612903
2010,1,19930,AS,14747,12892,SEA,LAX,281,0,0,0,281,0,18,1,-803.0,0.0,0.0,0.06405693950177936,0.0035587188612099642,-2.8576512455516014
2010,1,19930,AS,14747,13930,SEA,ORD,62,0,0,0,62,0,23,5,892.0,0.0,0.0,0.3709677419354839,0.08064516129032258,14.387096774193548
2010,1,19977,UA,10397,13930,ATL,ORD,61,1,0,0,60,0,4,0,-623.0,0.01639344262295082,0.0,0.06666666666666667,0.0,-10.383333333333333
2010,1,19977,UA,11292,11298,DEN,DFW,88,0,0,0,88,0,9,1,-526.0,0.0,0.0,0.10227272727272728,0.011363636363636364,-5.9772727272727275
2010,1,19977,UA,11292,12892,DEN,LAX,236,3,0,0,233,0,32,10,-620.0,0.012711864406779662,0.0,0.13733905579399142,0.04291845493562232,-2.6609442060085837
2010,1,19977,UA,11292,13930,DEN,ORD,282,9,0,0,273,0,44,12,440.0,0.031914893617021274,0.0,0.16117216117216118,0.04395604395604396,1.6117216117216118
2010,1,19977,UA,11292,14747,DEN,SEA,120,0,0,0,120,0,11,7,-769.0,0.0,0.0,0.09166666666666666,0.058333333333333334,-6.408333333333333
2010,1,19977,UA,11298,11292,DFW,DEN,115,0,0,0,115,0,14,0,-669.0,0.0,0.0,0.12173913043478261,0.0,-5.817391304347826
2010,1,19977,UA,11298,13930,DFW,ORD,99,2,1,0,96,0,15,2,-48.0,0.020202020202020204,0.010101010101010102,0.15625,0.020833333333333332,-0.5
2010,1,19977,UA,12478,12892,JFK,LAX,181,0,0,0,181,0,7,3,-4987.0,0.0,0.0,0.03867403314917127,0.016574585635359115,-27.552486187845304
2010,1,19977,UA,12892,11292,LAX,DEN,248,2,0,0,246,0,27,8,-878.0,0.008064516129032258,0.0,0.10975609756097561,0.032520325203252036,-3.569105691056911
2010,1,19977,UA,12892,12478,LAX,JFK,180,0,1,0,179,0,16,6,-1027.0,0.0,0.005555555555555556,0.0893854748603352,0.0335195530726257,-5.737430167597766
2010,1,19977,UA,12892,13930,LAX,ORD,329,10,0,0,319,0,49,9,-31.0,0.030395136778115502,0.0,0.1536050156739812,0.02821316614420063,-0.09717868338557993
2010,1,19977,UA,13930,10397,ORD,ATL,61,1,0,0,60,0,15,3,430.0,0.01639344262295082,0.0,0.25,0.05,7.166666666666667
2010,1,19977,UA,13930,11292,ORD,DEN,286,7,0,0,279,0,40,14,-1667.0,0.024475524475524476,0.0,0.14336917562724014,0.05017921146953405,-5.974910394265233
2010,1,19977,UA,13930,11298,ORD,DFW,127,2,0,0,125,0,17,3,-1580.0,0.015748031496062992,0.0,0.136,0.024,-12.64
2010,1,19977,UA,13930,12892,ORD,LAX,309,10,0,0,299,0,33,7,-3401.0,0.032362459546925564,0.0,0.11036789297658862,0.023411371237458192,-11.37458193979933
2010,1,19977,UA,13930,14747,ORD,SEA,158,2,0,0,156,0,13,2,-2728.0,0.012658227848101266,0.0,0.08333333333333333,0.01282051282051282,-17.487179487179485
2010,1,19977,UA,14747,11292,SEA,DEN,147,3,0,0,144,0,13,6,-283.0,0.02040816326530612,0.0,0.09027777777777778,0.041666666666666664,-1.9652777777777777
2010,1,19977,UA,14747,13930,SEA,ORD,136,4,1,0,131,0,10,4,-626.0,0.029411764705882353,0.007352941176470588,0.07633587786259542,0.030534351145038167,-4.778625954198473
2010,1,20304,OO,10397,13930,ATL,ORD,6,0,0,0,6,0,2,0,45.0,0.0,0.0,0.3333333333333333,0.0,7.5
2010,1,20304,OO,11292,11298,DEN,DFW,54,0,0,0,54,0,7,1,495.0,0.0,0.0,0.12962962962962962,0.018518518518518517,9.166666666666666
2010,1,20304,OO,11292,14747,DEN,SEA,31,0,0,0,31,0,8,2,325.0,0.0,0.0,0.25806451612903225,0.06451612903225806,10.483870967741936
2010,1,20304,OO,11298,11292,DFW,DEN,24,0,0,0,24,0,6,1,302.0,0.0,0.0,0.25,0.041666666666666664,12.583333333333334
2010,1,20304,OO,11298,12892,DFW,LAX,62,0,0,0,62,0,17,1,179.0,0.0,0.0,0.27419354838709675,0.016129032258064516,2.8870967741935485
2010,1,20304,OO,11298,13930,DFW,ORD,34,1,0,0,33,0,13,0,472.0,0.029411764705882353,0.0,0.3939393939393939,0.0,14.303030303030303
2010,1,20304,OO,12892,11298,LAX,DFW,62,1,0,0,61,0,21,3,708.0,0.016129032258064516,0.0,0.3442622950819672,0.04918032786885246,11.60655737704918
2010,1,20304,OO,12892,14747,LAX,SEA,124,0,1,0,123,0,25,5,744.0,0.0,0.008064516129032258,0.2032520325203252,0.04065040650406504,6.048780487804878
2010,1,20304,OO,13930,10397,ORD,ATL,6,0,0,0,6,0,1,0,29.0,0.0,0.0,0.16666666666666666,0.0,4.833333333333333
2010,1,20304,OO,13930,11298,ORD,DFW,4,0,0,0,4,0,1,1,88.0,0.0,0.0,0.25,0.25,22.0
2010,1,20304,OO,14747,12892,SEA,LAX,124,1,0,0,123,0,15,5,217.0,0.008064516129032258,0.0,0.12195121951219512,0.04065040650406504,1.7642276422764227
2010,1,20363,9E,10397,13930,ATL,ORD,95,2,0,0,93,0,20,6,402.0,0.021052631578947368,0.0,0.21505376344086022,0.06451612903225806,4.32258064516129
2010,1,20363,9E,13930,10397,ORD,ATL,94,3,2,0,89,0,22,6,763.0,0.031914893617021274,0.02127659574468085,0.24719101123595505,0.06741573033707865,8.573033707865168
2010,1,20366,EV,10397,13930,ATL,ORD,29,2,0,0,27,0,6,0,-45.0,0.06896551724137931,0.0,0.2222222222222222,0.0,-1.6666666666666667
2010,1,20366,EV,13930,10397,ORD,ATL,29,2,0,0,27,0,7,0,-16.0,0.06896551724137931,0.0,0.25925925925925924,0.0,-0.5925925925925926
2010,1,20378,YV,10397,11292,ATL,DEN,8,0,0,0,8,0,2,1,121.0,0.0,0.0,0.25,0.125,15.125
2010,1,20378,YV,10397,13930,ATL,ORD,65,2,0,0,63,0,15,3,363.0,0.03076923076923077,0.0,0.23809523809523808,0.047619047619047616,5.761904761904762
2010,1,20378,YV,11292,10397,DEN,ATL,31,1,0,0,30,0,9,6,593.0,0.03225806451612903,0.0,0.3,0.2,19.766666666666666
2010,1,20378,YV,13930,10397,ORD,ATL,36,2,0,0,34,0,8,2,246.0,0.05555555555555555,0.0,0.23529411764705882,0.058823529411764705,7.235294117647059
2010,1,20398,MQ,10397,13930,ATL,ORD,57,2,0,0,55,0,20,7,945.0,0.03508771929824561,0.0,0.36363636363636365,0.12727272727272726,17.181818181818183
2010,1,20398,MQ,13930,10397,ORD,ATL,57,2,0,0,55,0,16,6,882.0,0.03508771929824561,0.0,0.2909090909090909,0.10909090909090909,16.036363636363635
2010,1,20409,B6,11292,12478,DEN,JFK,46,1,0,0,45,0,10,4,366.0,0.021739130434782608,0.0,0.2222222222222222,0.08888888888888889,8.133333333333333
2010,1,20409,B6,12478,11292,JFK,DEN,46,1,0,0,45,0,5,2,-652.0,0.021739130434782608,0.0,0.1111111111111111,0.044444444444444446,-14.488888888888889
2010,1,20409,B6,12478,12892,JFK,LAX,62,0,0,0,62,0,8,1,-1123.0,0.0,0.0,0.12903225806451613,0.016129032258064516,-18.112903225806452
2010,1,20409,B6,12478,13930,JFK,ORD,93,2,1,0,90,0,26,7,180.0,0.021505376344086023,0.010752688172043012,0.28888888888888886,0.07777777777777778,2.0
2010,1,20409,B6,12478,14747,JFK,SEA,31,0,0,0,31,0,3,2,-460.0,0.0,0.0,0.0967741935483871,0.06451612903225806,-14.838709677419354
2010,1,20409,B6,12892,12478,LAX,JFK,62,0,1,0,61,0,21,4,817.0,0.0,0.016129032258064516,0.3442622950819672,0.06557377049180328,13.39344262295082
2010,1,20409,B6,13930,12478,ORD,JFK,93,3,1,0,89,0,19,9,915.0,0.03225806451612903,0.010752688172043012,0.21348314606741572,0.10112359550561797,10.280898876404494
2010,1,20409,B6,14747,12478,SEA,JFK,31,0,0,0,31,0,5,3,452.0,0.0,0.0,0.16129032258064516,0.0967741935483871,14.580645161290322
2010,1,20417,OH,11298,12478,DFW,JFK,31,0,1,0,30,0,4,0,-131.0,0.0,0.03225806451612903,0.13333333333333333,0.0,-4.366666666666666
2010,1,20417,OH,12478,11298,JFK,DFW,31,0,0,0,31,0,7,4,-516.0,0.0,0.0,0.22580645161290322,0.12903225806451613,-16.64516129032258
2010,1,20417,OH,12478,13930,JFK,ORD,118,6,0,0,112,0,25,10,-384.0,0.05084745762711865,0.0,0.22321428571428573,0.08928571428571429,-3.4285714285714284
2010,1,20417,OH,13930,12478,ORD,JFK,118,6,0,0,112,0,27,15,1307.0,0.05084745762711865,0.0,0.24107142857142858,0.13392857142857142,11.669642857142858
2010,1,20436,F9,10397,11292,ATL,DEN,89,0,0,0,89,0,16,4,564.0,0.0,0.0,0.1797752808988764,0.0449438202247191,6.337078651685394
2010,1,20436,F9,11292,10397,DEN,ATL,89,0,1,0,88,0,11,3,267.0,0.0,0.011235955056179775,0.125,0.03409090909090909,3.034090909090909
2010,1,20436,F9,11292,11298,DEN,DFW,150,0,0,0,150,0,18,2,225.0,0.0,0.0,0.12,0.013333333333333334,1.5
2010,1,20436,F9,11292,12892,DEN,LAX,137,0,0,0,137,0,17,3,-195.0,0.0,0.0,0.12408759124087591,0.021897810218978103,-1.4233576642335766
2010,1,20436,F9,11292,14747,DEN,SEA,63,0,0,0,63,0,14,2,111.0,0.0,0.0,0.2222222222222222,0.031746031746031744,1.7619047619047619
2010,1,20436,F9,11298,11292,DFW,DEN,150,0,0,0,150,0,10,2,-660.0,0.0,0.0,0.06666666666666667,0.013333333333333334,-4.4
2010,1,20436,F9,12892,11292,LAX,DEN,137,0,0,0,137,0,15,2,140.0,0.0,0.0,0.10948905109489052,0.014598540145985401,1.0218978102189782
2010,1,20436,F9,14747,11292,SEA,DEN,63,0,0,0,63,0,1,0,-547.0,0.0,0.0,0.015873015873015872,0.0,-8.682539682539682
2010,1,20437,FL,10397,11292,ATL,DEN,116,1,0,0,115,0,25,6,221.0,0.008620689655172414,0.0,0.21739130434782608,0.05217391304347826,1.9217391304347826
2010,1,20437,FL,10397,11298,ATL,DFW,157,3,1,0,153,0,26,4,385.0,0.01910828025477707,0.006369426751592357,0.16993464052287582,0.026143790849673203,2.5163398692810457
2010,1,20437,FL,10397,12892,ATL,LAX,93,0,0,0,93,0,23,4,-60.0,0.0,0.0,0.24731182795698925,0.043010752688172046,-0.6451612903225806
2010,1,20437,FL,11292,10397,DEN,ATL,116,2,1,0,113,0,15,5,170.0,0.017241379310344827,0.008620689655172414,0.13274336283185842,0.04424778761061947,1.5044247787610618
2010,1,20437,FL,11298,10397,DFW,ATL,157,3,1,0,153,0,24,4,-391.0,0.01910828025477707,0.006369426751592357,0.1568627450980392,0.026143790849673203,-2.5555555555555554
2010,1,20437,FL,12892,10397,LAX,ATL,93,0,2,0,91,0,16,2,115.0,0.0,0.021505376344086023,0.17582417582417584,0.02197802197802198,1.2637362637362637
2024,1,19393,WN,10397,11292,ATL,DEN,106,2,0,0,104,0,28,4,304.0,0.018867924528301886,0.0,0.2692307692307692,0.038461538461538464,2.923076923076923
2024,1,19393,WN,11292,10397,DEN,ATL,117,3,1,0,113,0,31,5,882.0,0.02564102564102564,0.008547008547008548,0.2743362831858407,0.04424778761061947,7.8053097345132745
2024,1,19393,WN,11292,12892,DEN,LAX,187,7,0,0,180,0,44,8,395.0,0.0374331550802139,0.0,0.24444444444444444,0.044444444444444446,2.1944444444444446
2024,1,19393,WN,11292,13930,DEN,ORD,152,11,1,0,140,0,49,10,1771.0,0.07236842105263158,0.006578947368421052,0.35,0.07142857142857142,12.65
2024,1,19393,WN,11292,14747,DEN,SEA,118,1,1,0,116,0,50,14,1896.0,0.00847457627118644,0.00847457627118644,0.43103448275862066,0.1206896551724138,16.344827586206897
2024,1,19393,WN,12892,11292,LAX,DEN,179,6,0,0,173,0,23,4,-63.0,0.0335195530726257,0.0,0.1329479768786127,0.023121387283236993,-0.36416184971098264
2024,1,19393,WN,13930,11292,ORD,DEN,152,11,0,0,141,0,31,13,654.0,0.07236842105263158,0.0,0.2198581560283688,0.09219858156028368,4.638297872340425
2024,1,19393,WN,14747,11292,SEA,DEN,118,1,0,0,117,0,32,6,980.0,0.00847457627118644,0.0,0.27350427350427353,0.05128205128205128,8.376068376068377
2024,1,19790,DL,10397,11292,ATL,DEN,224,0,0,0,224,0,29,8,-648.0,0.0,0.0,0.12946428571428573,0.03571428571428571,-2.892857142857143
2024,1,19790,DL,10397,11298,ATL,DFW,220,1,2,0,217,0,61,17,2808.0,0.004545454545454545,0.00909090909090909,0.28110599078341014,0.07834101382488479,12.940092165898617
2024,1,19790,DL,10397,12478,ATL,JFK,186,0,0,0,186,0,35,10,811.0,0.0,0.0,0.1881720430107527,0.053763440860215055,4.360215053763441
2024,1,19790,DL,10397,12892,ATL,LAX,290,0,0,0,290,0,52,7,-1550.0,0.0,0.0,0.1793103448275862,0.02413793103448276,-5.344827586206897
2024,1,19790,DL,10397,13930,ATL,ORD,167,3,1,0,163,0,31,6,734.0,0.017964071856287425,0.005988023952095809,0.1901840490797546,0.03680981595092025,4.5030674846625764
2024,1,19790,DL,10397,14747,ATL,SEA,165,0,0,0,165,0,24,7,-760.0,0.0,0.0,0.14545454545454545,0.04242424242424243,-4.606060606060606
2024,1,19790,DL,11292,10397,DEN,ATL,224,0,0,0,224,0,35,5,-18.0,0.0,0.0,0.15625,0.022321428571428572,-0.08035714285714286
2024,1,19790,DL,11292,12478,DEN,JFK,70,0,0,0,70,0,11,3,40.0,0.0,0.0,0.15714285714285714,0.04285714285714286,0.5714285714285714
2024,1,19790,DL,11292,12892,DEN,LAX,93,0,0,0,93,0,14,3,91.0,0.0,0.0,0.15053763440860216,0.03225806451612903,0.978494623655914
2024,1,19790,DL,11292,14747,DEN,SEA,92,0,0,0,92,0,18,7,-204.0,0.0,0.0,0.1956521739130435,0.07608695652173914,-2.217391304347826
2024,1,19790,DL,11298,10397,DFW,ATL,219,1,0,0,218,0,53,22,4019.0,0.0045662100456621,0.0,0.24311926605504589,0.10091743119266056,18.43577981651376
2024,1,19790,DL,11298,12478,DFW,JFK,61,1,0,0,60,0,12,7,1292.0,0.01639344262295082,0.0,0.2,0.11666666666666667,21.533333333333335
2024,1,19790,DL,11298,12892,DFW,LAX,58,0,0,0,58,0,10,4,108.0,0.0,0.0,0.1724137931034483,0.06896551724137931,1.8620689655172413
2024,1,19790,DL,12478,10397,JFK,ATL,190,0,1,0,189,0,38,10,545.0,0.0,0.005263157894736842,0.20105820105820105,0.05291005291005291,2.8835978835978837
2024,1,19790,DL,12478,11292,JFK,DEN,70,0,0,0,70,0,13,3,-1094.0,0.0,0.0,0.18571428571428572,0.04285714285714286,-15.628571428571428
2024,1,19790,DL,12478,11298,JFK,DFW,61,1,2,0,58,0,18,12,899.0,0.01639344262295082,0.03278688524590164,0.3103448275862069,0.20689655172413793,15.5
2024,1,19790,DL,12478,12892,JFK,LAX,235,0,0,0,235,0,30,10,-3325.0,0.0,0.0,0.1276595744680851,0.0425531914893617,-14.148936170212766
2024,1,19790,DL,12478,14747,JFK,SEA,83,0,0,0,83,0,10,6,-594.0,0.0,0.0,0.12048192771084337,0.07228915662650602,-7.156626506024097
2024,1,19790,DL,12892,10397,LAX,ATL,288,0,0,0,288,0,62,18,3594.0,0.0,0.0,0.2152777777777778,0.0625,12.479166666666666
2024,1,19790,DL,12892,11292,LAX,DEN,93,0,0,0,93,0,20,3,170.0,0.0,0.0,0.21505376344086022,0.03225806451612903,1.8279569892473118
2024,1,19790,DL,12892,11298,LAX,DFW,58,0,0,0,58,0,9,2,6.0,0.0,0.0,0.15517241379310345,0.034482758620689655,0.10344827586206896
2024,1,19790,DL,12892,12478,LAX,JFK,235,0,2,0,233,0,46,12,975.0,0.0,0.00851063829787234,0.19742489270386265,0.05150214592274678,4.184549356223176
2024,1,19790,DL,12892,14747,LAX,SEA,160,0,0,0,160,0,18,5,-1371.0,0.0,0.0,0.1125,0.03125,-8.56875
2024,1,19790,DL,13930,10397,ORD,ATL,167,3,0,0,164,0,47,20,3471.0,0.017964071856287425,0.0,0.2865853658536585,0.12195121951219512,21.164634146341463
2024,1,19790,DL,13930,14747,ORD,SEA,58,3,0,0,55,0,17,6,508.0,0.05172413793103448,0.0,0.3090909090909091,0.10909090909090909,9.236363636363636
2024,1,19790,DL,14747,10397,SEA,ATL,166,0,1,0,165,0,30,13,520.0,0.0,0.006024096385542169,0.18181818181818182,0.07878787878787878,3.1515151515151514
2024,1,19790,DL,14747,11292,SEA,DEN,92,0,0,0,92,0,14,4,-211.0,0.0,0.0,0.15217391304347827,0.043478260869565216,-2.2934782608695654
2024,1,19790,DL,14747,12478,SEA,JFK,83,0,1,0,82,0,7,1,-631.0,0.0,0.012048192771084338,0.08536585365853659,0.012195121951219513,-7.695121951219512
2024,1,19790,DL,14747,12892,SEA,LAX,160,0,0,0,160,0,16,8,-415.0,0.0,0.0,0.1,0.05,-2.59375
2024,1,19790,DL,14747,13930,SEA,ORD,58,3,0,0,55,0,18,8,1142.0,0.05172413793103448,0.0,0.32727272727272727,0.14545454545454545,20.763636363636362
2024,1,19805,AA,10397,11298,ATL,DFW,194,2,2,0,190,0,56,23,3024.0,0.010309278350515464,0.010309278350515464,0.29473684210526313,0.12105263157894737,15.91578947368421
2024,1,19805,AA,10397,12892,ATL,LAX,27,0,0,0,27,0,9,4,373.0,0.0,0.0,0.3333333333333333,0.14814814814814814,13.814814814814815
2024,1,19805,AA,10397,13930,ATL,ORD,37,0,0,0,37,0,9,3,-13.0,0.0,0.0,0.24324324324324326,0.08108108108108109,-0.35135135135135137
2024,1,19805,AA,11292,11298,DEN,DFW,246,5,1,0,240,0,85,33,5327.0,0.02032520325203252,0.0040650406504065045,0.3541666666666667,0.1375,22.195833333333333
2024,1,19805,AA,11292,13930,DEN,ORD,74,2,0,0,72,0,23,11,1614.0,0.02702702702702703,0.0,0.3194444444444444,0.1527777777777778,22.416666666666668
2024,1,19805,AA,11298,10397,DFW,ATL,191,2,0,0,189,0,78,31,4507.0,0.010471204188481676,0.0,0.4126984126984127,0.164021164021164,23.84656084656085
2024,1,19805,AA,11298,11292,DFW,DEN,246,5,0,0,241,0,85,30,5135.0,0.02032520325203252,0.0,0.35269709543568467,0.12448132780082988,21.307053941908713
2024,1,19805,AA,11298,12478,DFW,JFK,93,0,0,0,93,0,30,12,1032.0,0.0,0.0,0.3225806451612903,0.12903225806451613,11.096774193548388
2024,1,19805,AA,11298,12892,DFW,LAX,377,2,0,0,375,0,123,45,5126.0,0.005305039787798408,0.0,0.328,0.12,13.669333333333332
2024,1,19805,AA,11298,13930,DFW,ORD,300,7,0,0,293,0,72,33,3837.0,0.023333333333333334,0.0,0.24573378839590443,0.11262798634812286,13.095563139931741
2024,1,19805,AA,11298,14747,DFW,SEA,195,2,0,0,193,0,63,20,2757.0,0.010256410256410256,0.0,0.32642487046632124,0.10362694300518134,14.284974093264248
2024,1,19805,AA,12478,11298,JFK,DFW,93,0,1,0,92,0,26,15,1179.0,0.0,0.010752688172043012,0.2826086956521739,0.16304347826086957,12.815217391304348
2024,1,19805,AA,12478,12892,JFK,LAX,271,0,0,0,271,0,32,13,-3400.0,0.0,0.0,0.11808118081180811,0.04797047970479705,-12.546125461254613
2024,1,19805,AA,12478,13930,JFK,ORD,62,1,0,0,61,0,18,9,565.0,0.016129032258064516,0.0,0.29508196721311475,0.14754098360655737,9.262295081967213
2024,1,19805,AA,12892,10397,LAX,ATL,27,0,0,0,27,0,9,4,701.0,0.0,0.0,0.3333333333333333,0.14814814814814814,25.962962962962962
2024,1,19805,AA,12892,11298,LAX,DFW,379,2,0,0,377,0,81,35,7511.0,0.005277044854881266,0.0,0.21485411140583555,0.09283819628647215,19.923076923076923
2024,1,19805,AA,12892,12478,LAX,JFK,272,0,0,0,272,0,47,18,1581.0,0.0,0.0,0.17279411764705882,0.0661764705882353,5.8125
2024,1,19805,AA,12892,13930,LAX,ORD,213,2,1,0,210,0,39,17,906.0,0.009389671361502348,0.004694835680751174,0.18571428571428572,0.08095238095238096,4.314285714285714
2024,1,19805,AA,13930,10397,ORD,ATL,37,1,0,0,36,0,14,8,979.0,0.02702702702702703,0.0,0.3888888888888889,0.2222222222222222,27.194444444444443
2024,1,19805,AA,13930,11292,ORD,DEN,74,2,0,0,72,0,26,10,959.0,0.02702702702702703,0.0,0.3611111111111111,0.1388888888888889,13.319444444444445
2024,1,19805,AA,13930,11298,ORD,DFW,300,6,1,0,293,0,111,42,6457.0,0.02,0.0033333333333333335,0.378839590443686,0.14334470989761092,22.037542662116042
2024,1,19805,AA,13930,12478,ORD,JFK,62,1,0,0,61,0,23,11,1511.0,0.016129032258064516,0.0,0.3770491803278688,0.18032786885245902,24.770491803278688
2024,1,19805,AA,13930,12892,ORD,LAX,213,2,0,0,211,0,69,25,3545.0,0.009389671361502348,0.0,0.32701421800947866,0.11848341232227488,16.80094786729858
2024,1,19805,AA,13930,14747,ORD,SEA,28,0,0,0,28,0,8,3,457.0,0.0,0.0,0.2857142857142857,0.10714285714285714,16.321428571428573
2024,1,19805,AA,14747,11298,SEA,DFW,196,2,1,0,193,0,41,22,3936.0,0.01020408163265306,0.00510204081632653,0.21243523316062177,0.11398963730569948,20.39378238341969
2024,1,19805,AA,14747,13930,SEA,ORD,28,0,0,0,28,0,11,5,1094.0,0.0,0.0,0.39285714285714285,0.17857142857142858,39.07142857142857
2024,1,19930,AS,10397,14747,ATL,SEA,68,15,0,0,53,0,8,1,-590.0,0.22058823529411764,0.0,0.1509433962264151,0.018867924528301886,-11.132075471698114
2024,1,19930,AS,11292,14747,DEN,SEA,106,11,0,0,95,0,24,9,709.0,0.10377358490566038,0.0,0.25263157894736843,0.09473684210526316,7.463157894736842
2024,1,19930,AS,11298,14747,DFW,SEA,124,19,0,0,105,0,33,8,1165.0,0.1532258064516129,0.0,0.3142857142857143,0.0761904761904762,11.095238095238095
2024,1,19930,AS,12478,14747,JFK,SEA,75,20,0,0,55,0,10,6,270.0,0.26666666666666666,0.0,0.18181818181818182,0.10909090909090909,4.909090909090909
2024,1,19930,AS,12892,14747,LAX,SEA,248,43,0,0,205,0,44,13,1147.0,0.17338709677419356,0.0,0.2146341463414634,0.06341463414634146,5.595121951219512
2024,1,19930,AS,13930,14747,ORD,SEA,91,12,0,0,79,0,22,9,531.0,0.13186813186813187,0.0,0.27848101265822783,0.11392405063291139,6.7215189873417724
2024,1,19930,AS,14747,10397,SEA,ATL,67,16,0,0,51,0,14,2,377.0,0.23880597014925373,0.0,0.27450980392156865,0.0392156862745098,7.392156862745098
2024,1,19930,AS,14747,11292,SEA,DEN,106,10,0,0,96,0,31,8,1152.0,0.09433962264150944,0.0,0.3229166666666667,0.08333333333333333,12.0
2024,1,19930,AS,14747,11298,SEA,DFW,124,20,0,0,104,0,31,12,1813.0,0.16129032258064516,0.0,0.2980769230769231,0.11538461538461539,17.432692307692307
2024,1,19930,AS,14747,12478,SEA,JFK,72,21,1,0,50,0,15,4,654.0,0.2916666666666667,0.013888888888888888,0.3,0.08,13.08
2024,1,19930,AS,14747,12892,SEA,LAX,248,39,0,0,209,0,50,16,2027.0,0.15725806451612903,0.0,0.23923444976076555,0.07655502392344497,9.698564593301436
2024,1,19930,AS,14747,13930,SEA,ORD,91,12,0,0,79,0,25,7,1254.0,0.13186813186813187,0.0,0.31645569620253167,0.08860759493670886,15.873417721518987
2024,1,19977,UA,10397,11292,ATL,DEN,82,8,0,0,74,0,13,5,386.0,0.0975609756097561,0.0,0.17567567567567569,0.06756756756756757,5.216216216216216
2024,1,19977,UA,10397,13930,ATL,ORD,118,3,1,0,114,0,22,11,1975.0,0.025423728813559324,0.00847457627118644,0.19298245614035087,0.09649122807017543,17.32456140350877
2024,1,19977,UA,11292,10397,DEN,ATL,82,8,0,0,74,0,19,7,698.0,0.0975609756097561,0.0,0.25675675675675674,0.0945945945945946,9.432432432432432
2024,1,19977,UA,11292,11298,DEN,DFW,107,3,1,0,103,0,28,11,1364.0,0.028037383177570093,0.009345794392523364,0.27184466019417475,0.10679611650485436,13.242718446601941
2024,1,19977,UA,11292,12892,DEN,LAX,246,37,0,0,209,0,41,18,1067.0,0.15040650406504066,0.0,0.19617224880382775,0.0861244019138756,5.105263157894737
2024,1,19977,UA,11292,13930,DEN,ORD,255,21,0,0,234,0,52,25,4955.0,0.08235294117647059,0.0,0.2222222222222222,0.10683760683760683,21.175213675213676
2024,1,19977,UA,11292,14747,DEN,SEA,143,10,0,0,133,0,31,12,44.0,0.06993006993006994,0.0,0.23308270676691728,0.09022556390977443,0.3308270676691729
2024,1,19977,UA,11298,11292,DFW,DEN,107,3,0,0,104,0,24,8,852.0,0.028037383177570093,0.0,0.23076923076923078,0.07692307692307693,8.192307692307692
2024,1,19977,UA,11298,13930,DFW,ORD,140,7,0,0,133,0,36,17,2783.0,0.05,0.0,0.2706766917293233,0.12781954887218044,20.924812030075188
2024,1,19977,UA,12892,11292,LAX,DEN,248,35,0,0,213,0,29,14,518.0,0.14112903225806453,0.0,0.13615023474178403,0.06572769953051644,2.431924882629108
2024,1,19977,UA,12892,13930,LAX,ORD,232,33,0,0,199,0,37,12,1051.0,0.14224137931034483,0.0,0.18592964824120603,0.06030150753768844,5.28140703517588
2024,1,19977,UA,12892,14747,LAX,SEA,40,2,0,0,38,0,7,5,467.0,0.05,0.0,0.18421052631578946,0.13157894736842105,12.289473684210526
2024,1,19977,UA,13930,10397,ORD,ATL,118,1,0,0,117,0,28,15,1482.0,0.00847457627118644,0.0,0.23931623931623933,0.1282051282051282,12.666666666666666
2024,1,19977,UA,13930,11292,ORD,DEN,257,38,0,0,219,0,61,37,5550.0,0.14785992217898833,0.0,0.2785388127853881,0.1689497716894977,25.34246575342466
2024,1,19977,UA,13930,11298,ORD,DFW,140,5,0,0,135,0,50,18,2801.0,0.03571428571428571,0.0,0.37037037037037035,0.13333333333333333,20.748148148148147
2024,1,19977,UA,13930,12892,ORD,LAX,233,32,0,0,201,0,50,24,2287.0,0.13733905579399142,0.0,0.24875621890547264,0.11940298507462686,11.378109452736318
2024,1,19977,UA,13930,14747,ORD,SEA,94,4,0,0,90,0,17,8,-113.0,0.0425531914893617,0.0,0.18888888888888888,0.08888888888888889,-1.2555555555555555
2024,1,19977,UA,14747,11292,SEA,DEN,142,24,0,0,118,0,9,7,404.0,0.16901408450704225,0.0,0.07627118644067797,0.059322033898305086,3.4237288135593222
2024,1,19977,UA,14747,12892,SEA,LAX,40,2,0,0,38,0,2,1,-258.0,0.05,0.0,0.05263157894736842,0.02631578947368421,-6.7894736842105265
2024,1,19977,UA,14747,13930,SEA,ORD,95,4,0,0,91,0,14,3,134.0,0.042105263157894736,0.0,0.15384615384615385,0.03296703296703297,1.4725274725274726
2024,1,20304,OO,10397,13930,ATL,ORD,2,0,0,0,2,0,1,1,91.0,0.0,0.0,0.5,0.5,45.5
2024,1,20304,OO,11292,12892,DEN,LAX,65,0,0,0,65,0,10,2,-336.0,0.0,0.0,0.15384615384615385,0.03076923076923077,-5.1692307692307695
2024,1,20304,OO,12478,13930,JFK,ORD,99,13,0,0,86,0,28,20,3406.0,0.13131313131313133,0.0,0.32558139534883723,0.23255813953488372,39.604651162790695
2024,1,20304,OO,12892,11292,LAX,DEN,65,0,0,0,65,0,5,1,-530.0,0.0,0.0,0.07692307692307693,0.015384615384615385,-8.153846153846153
2024,1,20304,OO,12892,14747,LAX,SEA,80,0,0,0,80,0,11,1,-56.0,0.0,0.0,0.1375,0.0125,-0.7
2024,1,20304,OO,13930,10397,ORD,ATL,2,1,0,0,1,0,0,0,-17.0,0.5,0.0,0.0,0.0,-17.0
2024,1,20304,OO,13930,12478,ORD,JFK,99,12,1,0,86,0,37,21,3613.0,0.12121212121212122,0.010101010101010102,0.43023255813953487,0.2441860465116279,42.01162790697674
2024,1,20304,OO,14747,12892,SEA,LAX,79,0,0,0,79,0,7,0,-651.0,0.0,0.0,0.08860759493670886,0.0,-8.240506329113924
2024,1,20398,MQ,10397,13930,ATL,ORD,39,2,0,0,37,0,11,4,2063.0,0.05128205128205128,0.0,0.2972972972972973,0.10810810810810811,55.75675675675676
2024,1,20398,MQ,13930,10397,ORD,ATL,39,2,0,0,37,0,12,7,715.0,0.05128205128205128,0.0,0.32432432432432434,0.1891891891891892,19.324324324324323
2024,1,20409,B6,10397,12478,ATL,JFK,56,0,0,0,56,0,21,8,1011.0,0.0,0.0,0.375,0.14285714285714285,18.053571428571427
2024,1,20409,B6,11292,12478,DEN,JFK,31,0,0,0,31,0,10,4,415.0,0.0,0.0,0.3225806451612903,0.12903225806451613,13.387096774193548
2024,1,20409,B6,12478,10397,JFK,ATL,57,0,0,0,57,0,27,10,1514.0,0.0,0.0,0.47368421052631576,0.17543859649122806,26.56140350877193
2024,1,20409,B6,12478,11292,JFK,DEN,31,0,0,0,31,0,8,3,59.0,0.0,0.0,0.25806451612903225,0.0967741935483871,1.903225806451613
2024,1,20409,B6,12478,12892,JFK,LAX,246,0,0,0,246,0,42,7,-2512.0,0.0,0.0,0.17073170731707318,0.028455284552845527,-10.211382113821138
2024,1,20409,B6,12478,13930,JFK,ORD,31,1,0,0,30,0,12,5,550.0,0.03225806451612903,0.0,0.4,0.16666666666666666,18.333333333333332
2024,1,20409,B6,12478,14747,JFK,SEA,31,0,0,0,31,0,5,3,-208.0,0.0,0.0,0.16129032258064516,0.0967741935483871,-6.709677419354839
2024,1,20409,B6,12892,12478,LAX,JFK,245,0,1,0,244,0,49,14,1193.0,0.0,0.004081632653061225,0.20081967213114754,0.05737704918032787,4.889344262295082
2024,1,20409,B6,13930,12478,ORD,JFK,31,3,0,0,28,0,6,5,310.0,0.0967741935483871,0.0,0.21428571428571427,0.17857142857142858,11.071428571428571
2024,1,20409,B6,14747,12478,SEA,JFK,31,0,0,0,31,0,10,2,420.0,0.0,0.0,0.3225806451612903,0.06451612903225806,13.548387096774194
2024,1,20416,NK,10397,11298,ATL,DFW,32,1,0,0,31,0,10,3,347.0,0.03125,0.0,0.3225806451612903,0.0967741935483871,11.193548387096774
2024,1,20416,NK,10397,12892,ATL,LAX,82,0,0,0,82,0,11,2,-414.0,0.0,0.0,0.13414634146341464,0.024390243902439025,-5.048780487804878
2024,1,20416,NK,10397,13930,ATL,ORD,31,1,0,0,30,0,6,1,-33.0,0.03225806451612903,0.0,0.2,0.03333333333333333,-1.1
2024,1,20416,NK,11298,10397,DFW,ATL,32,1,0,0,31,0,9,3,229.0,0.03125,0.0,0.2903225806451613,0.0967741935483871,7.387096774193548
2024,1,20416,NK,11298,12892,DFW,LAX,116,2,0,0,114,0,27,10,788.0,0.017241379310344827,0.0,0.23684210526315788,0.08771929824561403,6.912280701754386
2024,1,20416,NK,11298,13930,DFW,ORD,24,2,0,0,22,0,1,0,-53.0,0.08333333333333333,0.0,0.045454545454545456,0.0,-2.409090909090909
2024,1,20416,NK,12892,10397,LAX,ATL,82,0,1,0,81,0,21,4,334.0,0.0,0.012195121951219513,0.25925925925925924,0.04938271604938271,4.1234567901234565
2024,1,20416,NK,12892,11298,LAX,DFW,116,3,0,0,113,0,20,7,84.0,0.02586206896551724,0.0,0.17699115044247787,0.061946902654867256,0.7433628318584071
2024,1,20416,NK,12892,13930,LAX,ORD,62,3,0,0,59,0,16,1,-82.0,0.04838709677419355,0.0,0.2711864406779661,0.01694915254237288,-1.3898305084745763
2024,1,20416,NK,13930,10397,ORD,ATL,31,1,0,0,30,0,9,7,949.0,0.03225806451612903,0.0,0.3,0.23333333333333334,31.633333333333333
2024,1,20416,NK,13930,11298,ORD,DFW,24,3,0,0,21,0,15,3,736.0,0.125,0.0,0.7142857142857143,0.14285714285714285,35.04761904761905
2024,1,20416,NK,13930,12892,ORD,LAX,62,1,0,0,61,0,19,8,335.0,0.016129032258064516,0.0,0.3114754098360656,0.13114754098360656,5.491803278688525
2024,1,20436,F9,10397,11292,ATL,DEN,58,0,0,0,58,0,21,9,696.0,0.0,0.0,0.3620689655172414,0.15517241379310345,12.0
2024,1,20436,F9,10397,11298,ATL,DFW,30,0,0,0,30,0,13,6,1003.0,0.0,0.0,0.43333333333333335,0.2,33.43333333333333
2024,1,20436,F9,10397,13930,ATL,ORD,31,1,0,0,30,0,14,2,510.0,0.03225806451612903,0.0,0.4666666666666667,0.06666666666666667,17.0
2024,1,20436,F9,11292,10397,DEN,ATL,58,0,0,0,58,0,19,7,1065.0,0.0,0.0,0.3275862068965517,0.1206896551724138,18.362068965517242
2024,1,20436,F9,11292,11298,DEN,DFW,93,0,0,0,93,0,19,8,901.0,0.0,0.0,0.20430107526881722,0.08602150537634409,9.688172043010752
2024,1,20436,F9,11292,14747,DEN,SEA,24,0,0,0,24,0,3,2,-5.0,0.0,0.0,0.125,0.08333333333333333,-0.20833333333333334
2024,1,20436,F9,11298,10397,DFW,ATL,30,0,0,0,30,0,7,2,342.0,0.0,0.0,0.23333333333333334,0.06666666666666667,11.4
2024,1,20436,F9,11298,11292,DFW,DEN,93,0,0,0,93,0,20,10,668.0,0.0,0.0,0.21505376344086022,0.10752688172043011,7.182795698924731
2024,1,20436,F9,13930,10397,ORD,ATL,31,1,0,0,30,0,10,6,543.0,0.03225806451612903,0.0,0.3333333333333333,0.2,18.1
2024,1,20436,F9,14747,11292,SEA,DEN,24,0,0,0,24,0,3,3,205.0,0.0,0.0,0.125,0.125,8.541666666666666
2024,1,20452,YX,12478,13930,JFK,ORD,17,0,0,0,17,0,2,1,-31.0,0.0,0.0,0.11764705882352941,0.058823529411764705,-1.8235294117647058
2024,1,20452,YX,13930,12478,ORD,JFK,18,0,0,0,18,0,3,1,-116.0,0.0,0.0,0.16666666666666666,0.05555555555555555,-6.444444444444445
