model,term,estimate,se,ci_low,ci_high,p_value,n,pairs,inference
primary_training_standard_base,traffic,-16.53166671896249,7.2386478946287065,-31.631221634785973,-1.4321118031390068,0.033450097376129743,725,21,Approximate CR1 t; undirected pairs; shared-airport dependence remains
primary_training_standard_base,risk,-162.9008390851778,54.72394411581421,-277.0529862009861,-48.7486919693695,0.007455307141593771,725,21,Approximate CR1 t; undirected pairs; shared-airport dependence remains
primary_training_standard_base,interaction,50.584875283356645,42.47750202043412,-38.02164126243081,139.1913918291441,0.24764989675945023,725,21,Approximate CR1 t; undirected pairs; shared-airport dependence remains
primary_training_standard_matched,traffic,-16.53166671896249,7.2386478946287065,-31.631221634785973,-1.4321118031390068,0.033450097376129743,725,21,Approximate CR1 t; undirected pairs; shared-airport dependence remains
primary_training_standard_matched,risk,-162.9008390851778,54.72394411581421,-277.0529862009861,-48.7486919693695,0.007455307141593771,725,21,Approximate CR1 t; undirected pairs; shared-airport dependence remains
primary_training_standard_matched,interaction,50.584875283356645,42.47750202043412,-38.02164126243081,139.1913918291441,0.24764989675945023,725,21,Approximate CR1 t; undirected pairs; shared-airport dependence remains
primary_training_standard_capacity,traffic,-14.376491542823695,6.887321475236461,-28.74319238973616,-0.009790695911231495,0.049858399582152796,725,21,Approximate CR1 t; undirected pairs; shared-airport dependence remains
primary_training_standard_capacity,risk,-187.92973324831235,62.87960908636398,-319.09429938083406,-56.765167115790604,0.007257731350471351,725,21,Approximate CR1 t; undirected pairs; shared-airport dependence remains
primary_training_standard_capacity,interaction,55.82369222932945,41.549601127679225,-30.847256971485933,142.49464143014484,0.19414256409844058,725,21,Approximate CR1 t; undirected pairs; shared-airport dependence remains
primary_training_standard_capacity,log_seats,-20.762170431203085,32.5696374631097,-88.70124366995083,47.17690280754465,0.531049412892318,725,21,Approximate CR1 t; undirected pairs; shared-airport dependence remains
primary_training_standard_t100,traffic,93.56591164387625,41.43214577381873,7.139970017899529,179.99185326985298,0.03525765346561683,725,21,Approximate CR1 t; undirected pairs; shared-airport dependence remains
primary_training_standard_t100,risk,-213.85957861818824,49.00995680877839,-316.0925570733787,-111.62660016299776,0.0003007147291429462,725,21,Approximate CR1 t; undirected pairs; shared-airport dependence remains
primary_training_standard_t100,interaction,424.9653475102079,130.14468952390752,153.4882823075722,696.4424127128436,0.0038723044206884203,725,21,Approximate CR1 t; undirected pairs; shared-airport dependence remains
primary_training_standard_t100,log_seats,-159.19790337026149,49.71047746828675,-262.89214231524096,-55.50366442528201,0.004470612030062792,725,21,Approximate CR1 t; undirected pairs; shared-airport dependence remains
primary_training_seasonal_base,traffic,-57.74854748437297,20.655364002139297,-100.83488178280669,-14.662213185939251,0.011159889301272275,725,21,Approximate CR1 t; undirected pairs; shared-airport dependence remains
primary_training_seasonal_base,risk,-198.56049348900945,304.3752023128405,-833.4760397677469,436.355052789728,0.5216005094213915,725,21,Approximate CR1 t; undirected pairs; shared-airport dependence remains
primary_training_seasonal_base,interaction,248.45177522008044,162.29730448669494,-90.0944695289433,586.9980199691042,0.14147278796731338,725,21,Approximate CR1 t; undirected pairs; shared-airport dependence remains
primary_training_seasonal_matched,traffic,-57.74854748437297,20.655364002139297,-100.83488178280669,-14.662213185939251,0.011159889301272275,725,21,Approximate CR1 t; undirected pairs; shared-airport dependence remains
primary_training_seasonal_matched,risk,-198.56049348900945,304.3752023128405,-833.4760397677469,436.355052789728,0.5216005094213915,725,21,Approximate CR1 t; undirected pairs; shared-airport dependence remains
primary_training_seasonal_matched,interaction,248.45177522008044,162.29730448669494,-90.0944695289433,586.9980199691042,0.14147278796731338,725,21,Approximate CR1 t; undirected pairs; shared-airport dependence remains
primary_training_seasonal_capacity,traffic,-42.53556182602699,21.326980226383437,-87.0228630188247,1.9517393667707168,0.059913629295998055,725,21,Approximate CR1 t; undirected pairs; shared-airport dependence remains
primary_training_seasonal_capacity,risk,-149.14010319521068,271.31405022073585,-715.0912946853206,416.81108829489915,0.588614652803061,725,21,Approximate CR1 t; undirected pairs; shared-airport dependence remains
primary_training_seasonal_capacity,interaction,112.90252144749097,163.90571741429457,-228.9988138766155,454.80385677159745,0.49884635260855315,725,21,Approximate CR1 t; undirected pairs; shared-airport dependence remains
primary_training_seasonal_capacity,log_seats,-109.9887800725117,37.07549232300655,-187.3269018476895,-32.65065829733389,0.007627337658438341,725,21,Approximate CR1 t; undirected pairs; shared-airport dependence remains
primary_training_seasonal_t100,traffic,-165.1629380645105,85.0945871400702,-342.6671363988768,12.34126026985578,0.06649220388493206,725,21,Approximate CR1 t; undirected pairs; shared-airport dependence remains
primary_training_seasonal_t100,risk,-74.2365195061712,268.590032214144,-634.5055090048365,486.0324699924941,0.7850819728362558,725,21,Approximate CR1 t; undirected pairs; shared-airport dependence remains
primary_training_seasonal_t100,interaction,353.428344347267,441.81905998057124,-568.190065077569,1275.0467537721029,0.4331453492770543,725,21,Approximate CR1 t; undirected pairs; shared-airport dependence remains
primary_training_seasonal_t100,log_seats,-3.361969837533352,61.329789076797645,-131.2936680802585,124.5697284051918,0.9568274549878097,725,21,Approximate CR1 t; undirected pairs; shared-airport dependence remains
primary_holdout_standard_base,traffic,-12.230184436653971,8.857629449271341,-30.706875697259655,6.246506823951712,0.1825917755707591,180,21,Approximate CR1 t; undirected pairs; shared-airport dependence remains
primary_holdout_standard_base,risk,-105.3278087552523,250.42072987673444,-627.6962977157591,417.04068020525443,0.6785296025899334,180,21,Approximate CR1 t; undirected pairs; shared-airport dependence remains
primary_holdout_standard_base,interaction,33.87953272982604,70.13713586608611,-112.4239689827492,180.18303444240127,0.6343079455717064,180,21,Approximate CR1 t; undirected pairs; shared-airport dependence remains
primary_holdout_standard_matched,traffic,-12.230184436653971,8.857629449271341,-30.706875697259655,6.246506823951712,0.1825917755707591,180,21,Approximate CR1 t; undirected pairs; shared-airport dependence remains
primary_holdout_standard_matched,risk,-105.3278087552523,250.42072987673444,-627.6962977157591,417.04068020525443,0.6785296025899334,180,21,Approximate CR1 t; undirected pairs; shared-airport dependence remains
primary_holdout_standard_matched,interaction,33.87953272982604,70.13713586608611,-112.4239689827492,180.18303444240127,0.6343079455717064,180,21,Approximate CR1 t; undirected pairs; shared-airport dependence remains
primary_holdout_standard_capacity,traffic,-19.299653943478827,8.972697217530124,-38.01637236263079,-0.5829355243268637,0.043886913763803645,180,21,Approximate CR1 t; undirected pairs; shared-airport dependence remains
primary_holdout_standard_capacity,risk,-104.36551660605664,222.47123088308894,-568.4323722964248,359.7013390843115,0.644057995246924,180,21,Approximate CR1 t; undirected pairs; shared-airport dependence remains
primary_holdout_standard_capacity,interaction,30.54850673824984,71.90132858996846,-119.43503651027638,180.53204998677606,0.6754695217187969,180,21,Approximate CR1 t; undirected pairs; shared-airport dependence remains
primary_holdout_standard_capacity,log_seats,69.21415416424115,50.74184515035413,-36.63148006622221,175.05978839470453,0.18770857546321515,180,21,Approximate CR1 t; undirected pairs; shared-airport dependence remains
primary_holdout_standard_t100,traffic,141.02474772531946,115.25832157444923,-99.39989807219615,381.44939352283507,0.23534104341872417,180,21,Approximate CR1 t; undirected pairs; shared-airport dependence remains
primary_holdout_standard_t100,risk,-90.29285977967368,218.5730561920286,-546.228265553433,365.64254599408565,0.6839276254161021,180,21,Approximate CR1 t; undirected pairs; shared-airport dependence remains
primary_holdout_standard_t100,interaction,219.91532250395767,558.7063983199853,-945.5258021450936,1385.356447153009,0.6980299905139947,180,21,Approximate CR1 t; undirected pairs; shared-airport dependence remains
primary_holdout_standard_t100,log_seats,-110.33192722083005,128.96491640888902,-379.3480288294702,158.68417438781012,0.4023971720779641,180,21,Approximate CR1 t; undirected pairs; shared-airport dependence remains
primary_full_standard_base,traffic,-15.77670804237351,4.310154239179418,-24.767532237379786,-6.785883847367234,0.0015542163243260204,905,21,Approximate CR1 t; undirected pairs; shared-airport dependence remains
primary_full_standard_base,risk,-158.5933667617884,53.43507280329288,-270.05697543144765,-47.12975809212915,0.007604305794137596,905,21,Approximate CR1 t; undirected pairs; shared-airport dependence remains
primary_full_standard_base,interaction,36.47104223505527,36.40711479521085,-39.4728684481668,112.41495291827735,0.3284283573722718,905,21,Approximate CR1 t; undirected pairs; shared-airport dependence remains
primary_full_standard_matched,traffic,-15.77670804237351,4.310154239179418,-24.767532237379786,-6.785883847367234,0.0015542163243260204,905,21,Approximate CR1 t; undirected pairs; shared-airport dependence remains
primary_full_standard_matched,risk,-158.5933667617884,53.43507280329288,-270.05697543144765,-47.12975809212915,0.007604305794137596,905,21,Approximate CR1 t; undirected pairs; shared-airport dependence remains
primary_full_standard_matched,interaction,36.47104223505527,36.40711479521085,-39.4728684481668,112.41495291827735,0.3284283573722718,905,21,Approximate CR1 t; undirected pairs; shared-airport dependence remains
primary_full_standard_capacity,traffic,-15.548045060390688,3.8968911350071935,-23.676817525990078,-7.419272594791298,0.000720404102847096,905,21,Approximate CR1 t; undirected pairs; shared-airport dependence remains
primary_full_standard_capacity,risk,-162.50078613905848,55.991425763681264,-279.29685364239776,-45.7047186357192,0.008809775271012598,905,21,Approximate CR1 t; undirected pairs; shared-airport dependence remains
primary_full_standard_capacity,interaction,37.2939206493759,35.07000511546335,-35.86082811690752,110.44866941565931,0.30026624239419175,905,21,Approximate CR1 t; undirected pairs; shared-airport dependence remains
primary_full_standard_capacity,log_seats,-3.6957745122131715,26.603195830134325,-59.18906859432902,51.79751956990268,0.8909009645234764,905,21,Approximate CR1 t; undirected pairs; shared-airport dependence remains
primary_full_standard_t100,traffic,52.930475600240214,49.39651622432574,-50.10885166597848,155.9698028664589,0.29668632021088,905,21,Approximate CR1 t; undirected pairs; shared-airport dependence remains
primary_full_standard_t100,risk,-182.34597314527508,44.935254758732576,-276.0792720655707,-88.61267422497946,0.0006143347981941172,905,21,Approximate CR1 t; undirected pairs; shared-airport dependence remains
primary_full_standard_t100,interaction,395.66492507003454,149.93111898665114,82.9140912562113,708.4157588838577,0.015739082727531755,905,21,Approximate CR1 t; undirected pairs; shared-airport dependence remains
primary_full_standard_t100,log_seats,-102.0273896357759,43.504027896280355,-192.77520163625118,-11.279577635300626,0.02944211084232729,905,21,Approximate CR1 t; undirected pairs; shared-airport dependence remains
primary_full_seasonal_base,traffic,-36.454120646505885,12.550011474441948,-62.63298584495896,-10.27525544805281,0.008761437032598959,905,21,Approximate CR1 t; undirected pairs; shared-airport dependence remains
primary_full_seasonal_base,risk,-193.68555755054487,249.97960040221145,-715.1338665516851,327.76275145059526,0.4475187528393014,905,21,Approximate CR1 t; undirected pairs; shared-airport dependence remains
primary_full_seasonal_base,interaction,125.46101102465404,89.76660491411396,-61.788845611343945,312.710867660652,0.17753423059956716,905,21,Approximate CR1 t; undirected pairs; shared-airport dependence remains
primary_full_seasonal_matched,traffic,-36.454120646505885,12.550011474441948,-62.63298584495896,-10.27525544805281,0.008761437032598959,905,21,Approximate CR1 t; undirected pairs; shared-airport dependence remains
primary_full_seasonal_matched,risk,-193.68555755054487,249.97960040221145,-715.1338665516851,327.76275145059526,0.4475187528393014,905,21,Approximate CR1 t; undirected pairs; shared-airport dependence remains
primary_full_seasonal_matched,interaction,125.46101102465404,89.76660491411396,-61.788845611343945,312.710867660652,0.17753423059956716,905,21,Approximate CR1 t; undirected pairs; shared-airport dependence remains
primary_full_seasonal_capacity,traffic,-30.850804021637796,10.499813690412452,-52.75303158293987,-8.948576460335726,0.008128727882845086,905,21,Approximate CR1 t; undirected pairs; shared-airport dependence remains
primary_full_seasonal_capacity,risk,-157.3559379943248,230.80100695604432,-638.7984020967876,324.08652610813806,0.5031964581710945,905,21,Approximate CR1 t; undirected pairs; shared-airport dependence remains
primary_full_seasonal_capacity,interaction,87.86317479729418,94.95843292077339,-110.21664528508659,285.9429948796749,0.36585079333861664,905,21,Approximate CR1 t; undirected pairs; shared-airport dependence remains
primary_full_seasonal_capacity,log_seats,-92.92644843751785,37.18455845236703,-170.4920781718764,-15.36081870315931,0.021276197002368887,905,21,Approximate CR1 t; undirected pairs; shared-airport dependence remains
primary_full_seasonal_t100,traffic,-206.2418095756915,69.13504537342102,-350.4549871497147,-62.02863200166826,0.007348865244004197,905,21,Approximate CR1 t; undirected pairs; shared-airport dependence remains
primary_full_seasonal_t100,risk,-172.41411115320005,185.77890007454872,-559.9421059819662,215.11388367556606,0.3644417763879112,905,21,Approximate CR1 t; undirected pairs; shared-airport dependence remains
primary_full_seasonal_t100,interaction,293.28819136095063,338.6905729293914,-413.20796370329316,999.7843464251944,0.3967884503358795,905,21,Approximate CR1 t; undirected pairs; shared-airport dependence remains
primary_full_seasonal_t100,log_seats,54.44960704997996,49.03513679342829,-47.83589593279292,156.73511003275286,0.27999047750072803,905,21,Approximate CR1 t; undirected pairs; shared-airport dependence remains
one_way_training_standard_base,traffic,-34.916241355689294,8.996912731131406,-53.6834724510703,-16.149010260308287,0.0009292965067973615,699,21,Approximate CR1 t; undirected pairs; shared-airport dependence remains
one_way_training_standard_base,risk,-3.727240672425424,58.97380828827957,-126.74444910784125,119.2899677629904,0.9502333488445011,699,21,Approximate CR1 t; undirected pairs; shared-airport dependence remains
one_way_training_standard_base,interaction,94.80412778549845,51.398399053609765,-12.411053888315891,202.0193094593128,0.07997504621002116,699,21,Approximate CR1 t; undirected pairs; shared-airport dependence remains
one_way_training_standard_matched,traffic,-34.916241355689294,8.996912731131406,-53.6834724510703,-16.149010260308287,0.0009292965067973615,699,21,Approximate CR1 t; undirected pairs; shared-airport dependence remains
one_way_training_standard_matched,risk,-3.727240672425424,58.97380828827957,-126.74444910784125,119.2899677629904,0.9502333488445011,699,21,Approximate CR1 t; undirected pairs; shared-airport dependence remains
one_way_training_standard_matched,interaction,94.80412778549845,51.398399053609765,-12.411053888315891,202.0193094593128,0.07997504621002116,699,21,Approximate CR1 t; undirected pairs; shared-airport dependence remains
one_way_training_standard_capacity,traffic,-33.36494901745102,8.189206958083002,-50.447335394107434,-16.282562640794602,0.0005913744339470784,699,21,Approximate CR1 t; undirected pairs; shared-airport dependence remains
one_way_training_standard_capacity,risk,-26.626402489645997,80.13985845168048,-193.7952178889118,140.54241290961983,0.7431580685075093,699,21,Approximate CR1 t; undirected pairs; shared-airport dependence remains
one_way_training_standard_capacity,interaction,104.12741821175327,48.186205256671215,3.612755383886892,204.64208103961965,0.04300803711435684,699,21,Approximate CR1 t; undirected pairs; shared-airport dependence remains
one_way_training_standard_capacity,log_seats,-26.458116145090997,35.7457000362203,-101.02233981757661,48.10610752739461,0.4677938606089469,699,21,Approximate CR1 t; undirected pairs; shared-airport dependence remains
one_way_training_standard_t100,traffic,70.80352798243925,48.80346638673015,-30.998719000148085,172.60577496502657,0.16234290648555302,699,21,Approximate CR1 t; undirected pairs; shared-airport dependence remains
one_way_training_standard_t100,risk,-152.97853875237286,60.56065958853058,-279.3058609963586,-26.651216508387122,0.020083268973131885,699,21,Approximate CR1 t; undirected pairs; shared-airport dependence remains
one_way_training_standard_t100,interaction,397.8605545601481,203.59710175293273,-26.835557665738293,822.5566667860345,0.06480970787346843,699,21,Approximate CR1 t; undirected pairs; shared-airport dependence remains
one_way_training_standard_t100,log_seats,-145.97005387410184,63.43353746386618,-278.29009435449643,-13.650013393707212,0.03227043943567702,699,21,Approximate CR1 t; undirected pairs; shared-airport dependence remains
one_way_training_seasonal_base,traffic,-85.13325552657663,27.332809606908683,-142.1484972776654,-28.118013775487874,0.005459831922692787,699,21,Approximate CR1 t; undirected pairs; shared-airport dependence remains
one_way_training_seasonal_base,risk,245.8319275245649,453.93185540808923,-701.0533304062826,1192.7171854554124,0.5941030627738906,699,21,Approximate CR1 t; undirected pairs; shared-airport dependence remains
one_way_training_seasonal_base,interaction,381.31450307441014,309.4977824202093,-264.28655806399,1026.9155642128103,0.23222217936003306,699,21,Approximate CR1 t; undirected pairs; shared-airport dependence remains
one_way_training_seasonal_matched,traffic,-85.13325552657663,27.332809606908683,-142.1484972776654,-28.118013775487874,0.005459831922692787,699,21,Approximate CR1 t; undirected pairs; shared-airport dependence remains
one_way_training_seasonal_matched,risk,245.8319275245649,453.93185540808923,-701.0533304062826,1192.7171854554124,0.5941030627738906,699,21,Approximate CR1 t; undirected pairs; shared-airport dependence remains
one_way_training_seasonal_matched,interaction,381.31450307441014,309.4977824202093,-264.28655806399,1026.9155642128103,0.23222217936003306,699,21,Approximate CR1 t; undirected pairs; shared-airport dependence remains
one_way_training_seasonal_capacity,traffic,-72.78656011754708,24.907263692769,-124.7422017520754,-20.83091848301877,0.008423610077947452,699,21,Approximate CR1 t; undirected pairs; shared-airport dependence remains
one_way_training_seasonal_capacity,risk,110.53334988168623,453.2041019870491,-834.8338410142488,1055.9005407776212,0.8097980172507065,699,21,Approximate CR1 t; undirected pairs; shared-airport dependence remains
one_way_training_seasonal_capacity,interaction,238.67370231335656,281.5880953853372,-348.7087718456704,826.0561764723835,0.4066909559365067,699,21,Approximate CR1 t; undirected pairs; shared-airport dependence remains
one_way_training_seasonal_capacity,log_seats,-127.05177657886713,47.640243031614446,-226.42758216167715,-27.675970996057117,0.014811000770548484,699,21,Approximate CR1 t; undirected pairs; shared-airport dependence remains
one_way_training_seasonal_t100,traffic,-293.21613276109093,98.2109075424814,-498.08049601751446,-88.3517695046674,0.007309272468062795,699,21,Approximate CR1 t; undirected pairs; shared-airport dependence remains
one_way_training_seasonal_t100,risk,-65.33868780835343,386.134720661218,-870.8016008278692,740.1242252111624,0.8673295071615448,699,21,Approximate CR1 t; undirected pairs; shared-airport dependence remains
one_way_training_seasonal_t100,interaction,551.0377685377218,589.473839305193,-678.5831133723825,1780.6586504478262,0.36104375630817176,699,21,Approximate CR1 t; undirected pairs; shared-airport dependence remains
one_way_training_seasonal_t100,log_seats,82.2308679618379,66.16400336989562,-55.78482459253982,220.24656051621562,0.22830322466711953,699,21,Approximate CR1 t; undirected pairs; shared-airport dependence remains
one_way_holdout_standard_base,traffic,-25.94267826265529,24.75951177339443,-77.59011479410488,25.704758268794297,0.3072350613183995,174,21,Approximate CR1 t; undirected pairs; shared-airport dependence remains
one_way_holdout_standard_base,risk,-93.54781191257074,350.25106900041686,-824.1587392132343,637.0631153880928,0.7921361927078127,174,21,Approximate CR1 t; undirected pairs; shared-airport dependence remains
one_way_holdout_standard_base,interaction,157.25120988884998,205.5060227803498,-271.42684182394567,585.9292616016456,0.4530938476441632,174,21,Approximate CR1 t; undirected pairs; shared-airport dependence remains
one_way_holdout_standard_matched,traffic,-25.94267826265529,24.75951177339443,-77.59011479410488,25.704758268794297,0.3072350613183995,174,21,Approximate CR1 t; undirected pairs; shared-airport dependence remains
one_way_holdout_standard_matched,risk,-93.54781191257074,350.25106900041686,-824.1587392132343,637.0631153880928,0.7921361927078127,174,21,Approximate CR1 t; undirected pairs; shared-airport dependence remains
one_way_holdout_standard_matched,interaction,157.25120988884998,205.5060227803498,-271.42684182394567,585.9292616016456,0.4530938476441632,174,21,Approximate CR1 t; undirected pairs; shared-airport dependence remains
one_way_holdout_standard_capacity,traffic,-25.629488055745554,23.392992959737967,-74.42641629190665,23.16744018041554,0.28626996129982785,174,21,Approximate CR1 t; undirected pairs; shared-airport dependence remains
one_way_holdout_standard_capacity,risk,-135.64348202787522,310.258823842657,-782.8320477553564,511.545083699606,0.6666545167962228,174,21,Approximate CR1 t; undirected pairs; shared-airport dependence remains
one_way_holdout_standard_capacity,interaction,78.8477422308139,190.71631942105788,-318.97952887859356,476.6750133402214,0.6836912916209419,174,21,Approximate CR1 t; undirected pairs; shared-airport dependence remains
one_way_holdout_standard_capacity,log_seats,65.42291464178079,59.371716542607004,-58.424315867527426,189.27014515108903,0.2835807534082867,174,21,Approximate CR1 t; undirected pairs; shared-airport dependence remains
one_way_holdout_standard_t100,traffic,127.38121929035565,110.64839485810543,-103.42728788229245,358.18972646300375,0.26321724520606327,174,21,Approximate CR1 t; undirected pairs; shared-airport dependence remains
one_way_holdout_standard_t100,risk,-226.82575671876873,152.7648101574222,-545.4875667356605,91.83605329812298,0.153187329587959,174,21,Approximate CR1 t; undirected pairs; shared-airport dependence remains
one_way_holdout_standard_t100,interaction,293.1002017974615,489.4610472376775,-727.8976516008041,1314.0980551957273,0.5560138962424069,174,21,Approximate CR1 t; undirected pairs; shared-airport dependence remains
one_way_holdout_standard_t100,log_seats,-107.17780811592985,136.17316785315643,-391.23005875601314,176.87444252415344,0.44046876105661203,174,21,Approximate CR1 t; undirected pairs; shared-airport dependence remains
one_way_full_standard_base,traffic,-26.172955278798828,9.038665210302911,-45.02728051956432,-7.318630038033334,0.008940080046750478,873,21,Approximate CR1 t; undirected pairs; shared-airport dependence remains
one_way_full_standard_base,risk,-55.82513157225437,70.69976972743879,-203.30226695380537,91.65200380929662,0.4390181918840928,873,21,Approximate CR1 t; undirected pairs; shared-airport dependence remains
one_way_full_standard_base,interaction,52.62101403990961,59.51116187076503,-71.51709432682824,176.75912240664746,0.38708341872520247,873,21,Approximate CR1 t; undirected pairs; shared-airport dependence remains
one_way_full_standard_matched,traffic,-26.172955278798828,9.038665210302911,-45.02728051956432,-7.318630038033334,0.008940080046750478,873,21,Approximate CR1 t; undirected pairs; shared-airport dependence remains
one_way_full_standard_matched,risk,-55.82513157225437,70.69976972743879,-203.30226695380537,91.65200380929662,0.4390181918840928,873,21,Approximate CR1 t; undirected pairs; shared-airport dependence remains
one_way_full_standard_matched,interaction,52.62101403990961,59.51116187076503,-71.51709432682824,176.75912240664746,0.38708341872520247,873,21,Approximate CR1 t; undirected pairs; shared-airport dependence remains
one_way_full_standard_capacity,traffic,-26.103565386133905,8.880272891242361,-44.62749003901142,-7.57964073325639,0.008105522098628117,873,21,Approximate CR1 t; undirected pairs; shared-airport dependence remains
one_way_full_standard_capacity,risk,-58.950600882747665,75.39503922490555,-216.22189681107668,98.32069504558135,0.4434381540013764,873,21,Approximate CR1 t; undirected pairs; shared-airport dependence remains
one_way_full_standard_capacity,interaction,56.62417485297877,54.90177845494229,-57.89892819391939,171.14727789987694,0.31467802856148863,873,21,Approximate CR1 t; undirected pairs; shared-airport dependence remains
one_way_full_standard_capacity,log_seats,-6.8218954086876815,27.721934246950546,-64.64883693533426,51.00504611795889,0.8081259041402638,873,21,Approximate CR1 t; undirected pairs; shared-airport dependence remains
one_way_full_standard_t100,traffic,34.47553932073095,46.66837033408446,-62.872975339635836,131.82405398109773,0.46864964027129924,873,21,Approximate CR1 t; undirected pairs; shared-airport dependence remains
one_way_full_standard_t100,risk,-126.93906964906978,51.50204112222368,-234.37044488961178,-19.507694408527783,0.022889831615110056,873,21,Approximate CR1 t; undirected pairs; shared-airport dependence remains
one_way_full_standard_t100,interaction,330.5513799702498,195.9203625908168,-78.13133496926844,739.234094909768,0.10710600048573253,873,21,Approximate CR1 t; undirected pairs; shared-airport dependence remains
one_way_full_standard_t100,log_seats,-82.28360702782888,41.61861534698045,-169.0985173674482,4.531303311790452,0.06198143585560673,873,21,Approximate CR1 t; undirected pairs; shared-airport dependence remains
one_way_full_seasonal_base,traffic,-48.617611383166896,19.20059974283638,-88.66936061230594,-8.565862154027855,0.019824503188811918,873,21,Approximate CR1 t; undirected pairs; shared-airport dependence remains
one_way_full_seasonal_base,risk,45.533012964438086,277.20721674396873,-532.7111084817865,623.7771344106626,0.8711781129910449,873,21,Approximate CR1 t; undirected pairs; shared-airport dependence remains
one_way_full_seasonal_base,interaction,145.67757005546878,190.51181661718408,-251.7231156801946,543.0782557911322,0.45340007774546515,873,21,Approximate CR1 t; undirected pairs; shared-airport dependence remains
one_way_full_seasonal_matched,traffic,-48.617611383166896,19.20059974283638,-88.66936061230594,-8.565862154027855,0.019824503188811918,873,21,Approximate CR1 t; undirected pairs; shared-airport dependence remains
one_way_full_seasonal_matched,risk,45.533012964438086,277.20721674396873,-532.7111084817865,623.7771344106626,0.8711781129910449,873,21,Approximate CR1 t; undirected pairs; shared-airport dependence remains
one_way_full_seasonal_matched,interaction,145.67757005546878,190.51181661718408,-251.7231156801946,543.0782557911322,0.45340007774546515,873,21,Approximate CR1 t; undirected pairs; shared-airport dependence remains
one_way_full_seasonal_capacity,traffic,-47.27227503283393,17.12930134432405,-83.00337151429592,-11.541178551371942,0.012084674293851617,873,21,Approximate CR1 t; undirected pairs; shared-airport dependence remains
one_way_full_seasonal_capacity,risk,53.44160925154652,310.11453768319586,-593.4459808213524,700.3291993244454,0.8649110910546801,873,21,Approximate CR1 t; undirected pairs; shared-airport dependence remains
one_way_full_seasonal_capacity,interaction,136.77104537457436,201.14477871545247,-282.80961063424024,556.351701383389,0.5043230640353911,873,21,Approximate CR1 t; undirected pairs; shared-airport dependence remains
one_way_full_seasonal_capacity,log_seats,-97.71987481318854,47.16220031191526,-196.0985007564745,0.6587511300974143,0.05141072896338756,873,21,Approximate CR1 t; undirected pairs; shared-airport dependence remains
one_way_full_seasonal_t100,traffic,-315.1245221115603,96.97733738586761,-517.4157031116495,-112.83334111147113,0.004015559883235907,873,21,Approximate CR1 t; undirected pairs; shared-airport dependence remains
one_way_full_seasonal_t100,risk,-143.77391235968804,268.86374035763936,-704.6138470409037,417.06602232152756,0.5987206505661204,873,21,Approximate CR1 t; undirected pairs; shared-airport dependence remains
one_way_full_seasonal_t100,interaction,389.32066490408033,488.1584430716609,-628.9600038176184,1407.601333625779,0.4345108907320732,873,21,Approximate CR1 t; undirected pairs; shared-airport dependence remains
one_way_full_seasonal_t100,log_seats,141.14477000881251,63.462327665260375,8.764674220670173,273.5248657969548,0.03782296417866235,873,21,Approximate CR1 t; undirected pairs; shared-airport dependence remains
leave_ATL_standard,traffic,-12.864403847086432,9.881179798141144,-34.057426739061896,8.328619044889027,0.2139616327294271,517,15,Approximate CR1 t; undirected pairs; shared-airport dependence remains
leave_ATL_standard,risk,-172.70035414777266,75.58879383763409,-334.8221929264936,-10.578515369051729,0.038446237694505295,517,15,Approximate CR1 t; undirected pairs; shared-airport dependence remains
leave_ATL_standard,interaction,60.21147434834915,52.836159321894755,-53.110816805954904,173.5337655026532,0.27358082617210244,517,15,Approximate CR1 t; undirected pairs; shared-airport dependence remains
leave_ATL_seasonal,traffic,-77.20445128957945,26.12968945267518,-133.24706138710343,-21.161841192055476,0.010448979041877283,517,15,Approximate CR1 t; undirected pairs; shared-airport dependence remains
leave_ATL_seasonal,risk,-37.25177646997789,317.1626014603016,-717.4979019874125,642.9943490474567,0.9081693020552765,517,15,Approximate CR1 t; undirected pairs; shared-airport dependence remains
leave_ATL_seasonal,interaction,329.57772316905,158.79263664981417,-10.99861005684022,670.1540563949402,0.05684572097716619,517,15,Approximate CR1 t; undirected pairs; shared-airport dependence remains
leave_DEN_standard,traffic,-13.86903590358402,8.376693944306162,-31.835257564093556,4.097185756925516,0.12002307241866285,485,15,Approximate CR1 t; undirected pairs; shared-airport dependence remains
leave_DEN_standard,risk,-159.53921904206737,61.05221446428026,-290.48319589295846,-28.595242191176283,0.020446633433813192,485,15,Approximate CR1 t; undirected pairs; shared-airport dependence remains
leave_DEN_standard,interaction,45.67393988588092,36.857666480612416,-33.37789252945084,124.72577230121269,0.23564530926297822,485,15,Approximate CR1 t; undirected pairs; shared-airport dependence remains
leave_DEN_seasonal,traffic,-51.191457746641134,24.761259078057144,-104.29907659334197,1.9161611000597034,0.05770279080310359,485,15,Approximate CR1 t; undirected pairs; shared-airport dependence remains
leave_DEN_seasonal,risk,-326.5738050830233,407.88202814866463,-1201.393749297194,548.2461391311476,0.43670716129651344,485,15,Approximate CR1 t; undirected pairs; shared-airport dependence remains
leave_DEN_seasonal,interaction,202.16540152490612,180.65331881839376,-185.29743180495572,589.6282348547679,0.2819398703438341,485,15,Approximate CR1 t; undirected pairs; shared-airport dependence remains
leave_DFW_standard,traffic,-13.9564115702943,6.154353077043849,-27.15618612268392,-0.7566370179046782,0.0397027418845365,545,15,Approximate CR1 t; undirected pairs; shared-airport dependence remains
leave_DFW_standard,risk,-144.95596945837605,56.25944445122327,-265.6204769870109,-24.291461929741217,0.021955574096318615,545,15,Approximate CR1 t; undirected pairs; shared-airport dependence remains
leave_DFW_standard,interaction,40.62701266162082,34.5883013175109,-33.55751556186639,114.81154088510803,0.25975211604460674,545,15,Approximate CR1 t; undirected pairs; shared-airport dependence remains
leave_DFW_seasonal,traffic,-42.191055430357444,15.992616524647437,-76.49180645739557,-7.890304403319327,0.019474061981510155,545,15,Approximate CR1 t; undirected pairs; shared-airport dependence remains
leave_DFW_seasonal,risk,-96.84808591635525,324.72041718696664,-793.3041139940769,599.6079421613665,0.7698924837334205,545,15,Approximate CR1 t; undirected pairs; shared-airport dependence remains
leave_DFW_seasonal,interaction,164.23110784363467,169.3713486685385,-199.03430609533154,527.4965217826009,0.34867520298752497,545,15,Approximate CR1 t; undirected pairs; shared-airport dependence remains
leave_JFK_standard,traffic,-16.436270446354985,7.383598167992483,-32.27251350599955,-0.6000273867104227,0.042947567048760696,582,15,Approximate CR1 t; undirected pairs; shared-airport dependence remains
leave_JFK_standard,risk,-160.17946910636016,58.8801774713856,-286.46488992922576,-33.89404828349454,0.016579464293402527,582,15,Approximate CR1 t; undirected pairs; shared-airport dependence remains
leave_JFK_standard,interaction,46.69474751129441,42.067063140129704,-43.53012951145351,136.91962453404233,0.2856982369015923,582,15,Approximate CR1 t; undirected pairs; shared-airport dependence remains
leave_JFK_seasonal,traffic,-43.20770197723273,24.936148735069253,-96.69042183214765,10.275017877682188,0.10510336940775124,582,15,Approximate CR1 t; undirected pairs; shared-airport dependence remains
leave_JFK_seasonal,risk,-27.46084179820727,298.4698124220878,-667.6149222264252,612.6932386300106,0.9279972929944883,582,15,Approximate CR1 t; undirected pairs; shared-airport dependence remains
leave_JFK_seasonal,interaction,72.23002246788343,260.10565023905957,-485.64111361705585,630.1011585528227,0.78530523693903,582,15,Approximate CR1 t; undirected pairs; shared-airport dependence remains
leave_LAX_standard,traffic,-28.248391193455745,13.731423781066509,-57.69936612524515,1.202583738333658,0.05879537556218341,483,15,Approximate CR1 t; undirected pairs; shared-airport dependence remains
leave_LAX_standard,risk,-243.11752423971666,44.673540196683945,-338.9327385557253,-147.30230992370804,8.678505984442778e-05,483,15,Approximate CR1 t; undirected pairs; shared-airport dependence remains
leave_LAX_standard,interaction,180.4326458715799,110.73916978980623,-57.07925132466593,417.94454306782575,0.12552517956716047,483,15,Approximate CR1 t; undirected pairs; shared-airport dependence remains
leave_LAX_seasonal,traffic,-68.97241419668894,35.373059345359486,-144.84008099154244,6.8952525981645465,0.07151100177912206,483,15,Approximate CR1 t; undirected pairs; shared-airport dependence remains
leave_LAX_seasonal,risk,-283.94825846280526,375.632480940163,-1089.5998031328052,521.7032862071947,0.46222730210539437,483,15,Approximate CR1 t; undirected pairs; shared-airport dependence remains
leave_LAX_seasonal,interaction,325.2834954044779,240.58099828934087,-190.71142709247636,841.2784179014321,0.19779079293872556,483,15,Approximate CR1 t; undirected pairs; shared-airport dependence remains
leave_ORD_standard,traffic,-23.15549522025269,7.749820847512484,-39.77720780774534,-6.53378263276004,0.009783806805020775,479,15,Approximate CR1 t; undirected pairs; shared-airport dependence remains
leave_ORD_standard,risk,-218.49571520503872,57.438880443842436,-341.6898613498943,-95.30156906018318,0.001935581593930689,479,15,Approximate CR1 t; undirected pairs; shared-airport dependence remains
leave_ORD_standard,interaction,-1.185978258150513,24.966315147486814,-54.73339863284085,52.36144211653983,0.9627832305227313,479,15,Approximate CR1 t; undirected pairs; shared-airport dependence remains
leave_ORD_seasonal,traffic,-62.765061299631924,43.29851792722023,-155.63114615650426,30.10102355724041,0.16920342225971247,479,15,Approximate CR1 t; undirected pairs; shared-airport dependence remains
leave_ORD_seasonal,risk,-275.3252720761569,447.690147389866,-1235.5251405099011,684.8745963575873,0.5484272851664757,479,15,Approximate CR1 t; undirected pairs; shared-airport dependence remains
leave_ORD_seasonal,interaction,228.93012773764463,430.35143163563095,-694.0818939608255,1151.9421494361147,0.6030930490227715,479,15,Approximate CR1 t; undirected pairs; shared-airport dependence remains
leave_SEA_standard,traffic,-34.60080278404343,9.253761482506404,-54.44814722488969,-14.753458343197174,0.002200280351110631,534,15,Approximate CR1 t; undirected pairs; shared-airport dependence remains
leave_SEA_standard,risk,103.67211546902651,62.52744070817413,-30.435906991435147,237.78013792948815,0.11954084814961548,534,15,Approximate CR1 t; undirected pairs; shared-airport dependence remains
leave_SEA_standard,interaction,121.43415963537132,59.49247909425922,-6.1645175572241016,249.03283682796672,0.06055316158893201,534,15,Approximate CR1 t; undirected pairs; shared-airport dependence remains
leave_SEA_seasonal,traffic,-58.13988353996741,19.85459072546759,-100.7237454220066,-15.55602165792822,0.011008905174150827,534,15,Approximate CR1 t; undirected pairs; shared-airport dependence remains
leave_SEA_seasonal,risk,-350.604145321172,336.39072181778613,-1072.0904874150208,370.8821967726769,0.3149591991406083,534,15,Approximate CR1 t; undirected pairs; shared-airport dependence remains
leave_SEA_seasonal,interaction,304.77841617358047,179.78183882851548,-80.81527847520368,690.3721108223647,0.11214056050204368,534,15,Approximate CR1 t; undirected pairs; shared-airport dependence remains
