model,n,pairs,airports,formula,status,rank,condition,reason
primary_training_standard_base,725,21,7,fare_mean ~ demand_c * risk + C(route_carrier) + C(period),estimated,104.0,80.05667114459276,
primary_training_standard_matched,725,21,7,fare_mean ~ demand_c * risk + C(route_carrier) + C(period),estimated,104.0,80.05667114459276,
primary_training_standard_capacity,725,21,7,fare_mean ~ demand_c * risk + log_seats + C(route_carrier) + C(period),estimated,105.0,22583.28762193339,
primary_training_standard_t100,725,21,7,fare_mean ~ t100_c * risk + log_seats + C(route_carrier) + C(period),estimated,105.0,50851.94377509237,
primary_training_seasonal_base,725,21,7,fare_mean ~ demand_c * risk + C(route_carrier_season) + C(period),estimated,377.0,795.5415159956417,
primary_training_seasonal_matched,725,21,7,fare_mean ~ demand_c * risk + C(route_carrier_season) + C(period),estimated,377.0,795.5415159956417,
primary_training_seasonal_capacity,725,21,7,fare_mean ~ demand_c * risk + log_seats + C(route_carrier_season) + C(period),estimated,378.0,38790.95346101842,
primary_training_seasonal_t100,725,21,7,fare_mean ~ t100_c * risk + log_seats + C(route_carrier_season) + C(period),estimated,378.0,86099.54021092,
primary_holdout_standard_base,180,21,7,fare_mean ~ demand_c * risk + C(route_carrier) + C(period),estimated,95.0,112.59935912531792,
primary_holdout_standard_matched,180,21,7,fare_mean ~ demand_c * risk + C(route_carrier) + C(period),estimated,95.0,112.59935912531792,
primary_holdout_standard_capacity,180,21,7,fare_mean ~ demand_c * risk + log_seats + C(route_carrier) + C(period),estimated,96.0,21036.929053948177,
primary_holdout_standard_t100,180,21,7,fare_mean ~ t100_c * risk + log_seats + C(route_carrier) + C(period),estimated,96.0,77484.96476875922,
primary_holdout_seasonal_base,180,21,7,fare_mean ~ demand_c * risk + C(route_carrier_season) + C(period),not_estimable,,,focal regressors absorbed or collinear after fixed effects
primary_holdout_seasonal_matched,180,21,7,fare_mean ~ demand_c * risk + C(route_carrier_season) + C(period),not_estimable,,,focal regressors absorbed or collinear after fixed effects
primary_holdout_seasonal_capacity,180,21,7,fare_mean ~ demand_c * risk + log_seats + C(route_carrier_season) + C(period),not_estimable,,,focal regressors absorbed or collinear after fixed effects
primary_holdout_seasonal_t100,180,21,7,fare_mean ~ t100_c * risk + log_seats + C(route_carrier_season) + C(period),not_estimable,,,focal regressors absorbed or collinear after fixed effects
primary_full_standard_base,905,21,7,fare_mean ~ demand_c * risk + C(route_carrier) + C(period),estimated,106.0,80.7431183693449,
primary_full_standard_matched,905,21,7,fare_mean ~ demand_c * risk + C(route_carrier) + C(period),estimated,106.0,80.7431183693449,
primary_full_standard_capacity,905,21,7,fare_mean ~ demand_c * risk + log_seats + C(route_carrier) + C(period),estimated,107.0,20408.955123136533,
primary_full_standard_t100,905,21,7,fare_mean ~ t100_c * risk + log_seats + C(route_carrier) + C(period),estimated,107.0,48722.20356857775,
primary_full_seasonal_base,905,21,7,fare_mean ~ demand_c * risk + C(route_carrier_season) + C(period),estimated,383.0,500.10597055281124,
primary_full_seasonal_matched,905,21,7,fare_mean ~ demand_c * risk + C(route_carrier_season) + C(period),estimated,383.0,500.10597055281124,
primary_full_seasonal_capacity,905,21,7,fare_mean ~ demand_c * risk + log_seats + C(route_carrier_season) + C(period),estimated,384.0,31689.527463259834,
primary_full_seasonal_t100,905,21,7,fare_mean ~ t100_c * risk + log_seats + C(route_carrier_season) + C(period),estimated,384.0,76981.92967329202,
one_way_training_standard_base,699,21,7,fare_mean ~ demand_c * risk + C(route_carrier) + C(period),estimated,101.0,191.79741888091988,
one_way_training_standard_matched,699,21,7,fare_mean ~ demand_c * risk + C(route_carrier) + C(period),estimated,101.0,191.79741888091988,
one_way_training_standard_capacity,699,21,7,fare_mean ~ demand_c * risk + log_seats + C(route_carrier) + C(period),estimated,102.0,21972.839040095438,
one_way_training_standard_t100,699,21,7,fare_mean ~ t100_c * risk + log_seats + C(route_carrier) + C(period),estimated,102.0,53870.09244947318,
one_way_training_seasonal_base,699,21,7,fare_mean ~ demand_c * risk + C(route_carrier_season) + C(period),estimated,361.0,741.4045331644113,
one_way_training_seasonal_matched,699,21,7,fare_mean ~ demand_c * risk + C(route_carrier_season) + C(period),estimated,361.0,741.4045331644113,
one_way_training_seasonal_capacity,699,21,7,fare_mean ~ demand_c * risk + log_seats + C(route_carrier_season) + C(period),estimated,362.0,38883.386716575544,
one_way_training_seasonal_t100,699,21,7,fare_mean ~ t100_c * risk + log_seats + C(route_carrier_season) + C(period),estimated,362.0,89205.19807654848,
one_way_holdout_standard_base,174,21,7,fare_mean ~ demand_c * risk + C(route_carrier) + C(period),estimated,92.0,248.95529945763508,
one_way_holdout_standard_matched,174,21,7,fare_mean ~ demand_c * risk + C(route_carrier) + C(period),estimated,92.0,248.95529945763508,
one_way_holdout_standard_capacity,174,21,7,fare_mean ~ demand_c * risk + log_seats + C(route_carrier) + C(period),estimated,93.0,21505.791407255685,
one_way_holdout_standard_t100,174,21,7,fare_mean ~ t100_c * risk + log_seats + C(route_carrier) + C(period),estimated,93.0,79992.84747445703,
one_way_holdout_seasonal_base,174,21,7,fare_mean ~ demand_c * risk + C(route_carrier_season) + C(period),not_estimable,,,focal regressors absorbed or collinear after fixed effects
one_way_holdout_seasonal_matched,174,21,7,fare_mean ~ demand_c * risk + C(route_carrier_season) + C(period),not_estimable,,,focal regressors absorbed or collinear after fixed effects
one_way_holdout_seasonal_capacity,174,21,7,fare_mean ~ demand_c * risk + log_seats + C(route_carrier_season) + C(period),not_estimable,,,focal regressors absorbed or collinear after fixed effects
one_way_holdout_seasonal_t100,174,21,7,fare_mean ~ t100_c * risk + log_seats + C(route_carrier_season) + C(period),not_estimable,,,focal regressors absorbed or collinear after fixed effects
one_way_full_standard_base,873,21,7,fare_mean ~ demand_c * risk + C(route_carrier) + C(period),estimated,103.0,182.17781246587802,
one_way_full_standard_matched,873,21,7,fare_mean ~ demand_c * risk + C(route_carrier) + C(period),estimated,103.0,182.17781246587802,
one_way_full_standard_capacity,873,21,7,fare_mean ~ demand_c * risk + log_seats + C(route_carrier) + C(period),estimated,104.0,20101.21575991066,
one_way_full_standard_t100,873,21,7,fare_mean ~ t100_c * risk + log_seats + C(route_carrier) + C(period),estimated,104.0,51112.051671265,
one_way_full_seasonal_base,873,21,7,fare_mean ~ demand_c * risk + C(route_carrier_season) + C(period),estimated,367.0,735.7171158833971,
one_way_full_seasonal_matched,873,21,7,fare_mean ~ demand_c * risk + C(route_carrier_season) + C(period),estimated,367.0,735.7171158833971,
one_way_full_seasonal_capacity,873,21,7,fare_mean ~ demand_c * risk + log_seats + C(route_carrier_season) + C(period),estimated,368.0,31559.19401424067,
one_way_full_seasonal_t100,873,21,7,fare_mean ~ t100_c * risk + log_seats + C(route_carrier_season) + C(period),estimated,368.0,79039.17981635746,
leave_ATL_standard,517,15,6,fare_mean ~ demand_c * risk + C(route_carrier) + C(period),estimated,78.0,87.52749880539493,
leave_ATL_seasonal,517,15,6,fare_mean ~ demand_c * risk + C(route_carrier_season) + C(period),estimated,273.0,760.289206291464,
leave_DEN_standard,485,15,6,fare_mean ~ demand_c * risk + C(route_carrier) + C(period),estimated,74.0,87.39257871011648,
leave_DEN_seasonal,485,15,6,fare_mean ~ demand_c * risk + C(route_carrier_season) + C(period),estimated,257.0,700.8041200357276,
leave_DFW_standard,545,15,6,fare_mean ~ demand_c * risk + C(route_carrier) + C(period),estimated,80.0,78.46421334072654,
leave_DFW_seasonal,545,15,6,fare_mean ~ demand_c * risk + C(route_carrier_season) + C(period),estimated,285.0,518.2025419878723,
leave_JFK_standard,582,15,6,fare_mean ~ demand_c * risk + C(route_carrier) + C(period),estimated,86.0,65.44682068025779,
leave_JFK_seasonal,582,15,6,fare_mean ~ demand_c * risk + C(route_carrier_season) + C(period),estimated,305.0,644.3117470250287,
leave_LAX_standard,483,15,6,fare_mean ~ demand_c * risk + C(route_carrier) + C(period),estimated,72.0,62.12997288792286,
leave_LAX_seasonal,483,15,6,fare_mean ~ demand_c * risk + C(route_carrier_season) + C(period),estimated,251.0,297.71633915288703,
leave_ORD_standard,479,15,6,fare_mean ~ demand_c * risk + C(route_carrier) + C(period),estimated,72.0,59.065718785049384,
leave_ORD_seasonal,479,15,6,fare_mean ~ demand_c * risk + C(route_carrier_season) + C(period),estimated,251.0,438.5589995720158,
leave_SEA_standard,534,15,6,fare_mean ~ demand_c * risk + C(route_carrier) + C(period),estimated,78.0,111.71654993551365,
leave_SEA_seasonal,534,15,6,fare_mean ~ demand_c * risk + C(route_carrier_season) + C(period),estimated,277.0,579.9184758225755,
