route_carrier,Quarter,fare_mean_change,risk_change,demand_c_change
ATL-DEN_DL,1,-5.293864561313114,-0.014452644526445263,-0.03611315468771714
ATL-DEN_DL,2,-15.481392329141642,0.010989010989010992,0.03995537707759489
ATL-DEN_DL,3,-15.186548526912645,0.0018115942028985588,0.0285124264662322
ATL-DEN_DL,4,7.154917547034586,-0.009057971014492752,0.143742520578364
ATL-DEN_UA,1,9.458205316403536,-0.014452644526445263,-0.20668599566809487
ATL-DEN_UA,2,-9.63229260791681,0.010989010989010992,-0.06403875964969252
ATL-DEN_UA,3,-2.004938654236895,0.0018115942028985588,-0.04325337328537593
ATL-DEN_UA,4,15.847761661238621,-0.009057971014492752,-0.12583422761974195
ATL-DEN_WN,1,-31.25419549106536,-0.014452644526445263,0.25703616040575294
ATL-DEN_WN,2,-37.31054885778505,0.010989010989010992,0.16899764432029318
ATL-DEN_WN,3,-6.436901403354398,0.0018115942028985588,0.05812774161784784
ATL-DEN_WN,4,9.057192066566785,-0.009057971014492752,-0.04375833469806789
ATL-DFW_AA,1,30.34331697489,-0.03465217985513189,-0.04313767860001505
ATL-DFW_AA,2,14.223274860686303,0.001831501831501825,-0.04743207001601846
ATL-DFW_AA,3,2.6118123183940725,-0.01630434782608696,0.03639484432319762
ATL-DFW_AA,4,11.280698567351095,-0.0036231884057971037,-0.0014005604530318294
ATL-DFW_DL,1,32.44159474290046,-0.03465217985513189,0.029535825737569965
ATL-DFW_DL,2,23.591241507105394,0.001831501831501825,0.04650016629140907
ATL-DFW_DL,3,17.470654061399188,-0.01630434782608696,0.04091428375478223
ATL-DFW_DL,4,7.791185275241702,-0.0036231884057971037,0.15139566740902666
ATL-JFK_DL,1,12.902802932900755,-0.021661883285499534,0.042545241543287204
ATL-JFK_DL,2,3.5978191840865463,-0.0018315018315018389,-0.09250056224323622
ATL-JFK_DL,3,-11.163398783156623,0.012681159420289842,-0.054711721072870034
ATL-JFK_DL,4,0.3091165514242107,-0.0144927536231884,0.1325056970954055
ATL-LAX_AA,1,15.545628717259149,0.004100041000410004,-0.1556619805202164
ATL-LAX_AA,2,-8.167975495058613,0.001831501831501832,-0.12432094898907664
ATL-LAX_AA,3,33.750022777332816,-0.0036231884057971037,-0.43868115811669384
ATL-LAX_AA,4,27.540214928152466,-0.001811594202898545,-0.6682126741597765
ATL-LAX_DL,1,-56.38307930582789,0.004100041000410004,0.018640890640849506
ATL-LAX_DL,2,-40.90748710870804,0.001831501831501832,0.06283252129247074
ATL-LAX_DL,3,19.896260385793596,-0.0036231884057971037,-0.0660276739031147
ATL-LAX_DL,4,16.848169905041857,-0.001811594202898545,0.078171346351942
ATL-LAX_WN,1,-24.84803793103447,0.004100041000410004,0.1484200051182727
ATL-LAX_WN,2,-8.433986486486504,0.001831501831501832,0.2876820724517808
ATL-LAX_WN,3,24.525837312113197,-0.0036231884057971037,-0.14310084364067333
ATL-LAX_WN,4,58.172672596585755,-0.001811594202898545,-0.9055667685111795
ATL-ORD_AA,1,20.854077695527053,-0.01247779144458111,-0.8651634539226132
ATL-ORD_AA,2,-11.295152289942166,-0.007326007326007328,-0.5553422771580401
ATL-ORD_AA,3,-27.514046590267355,1.3877787807814457e-17,0.6091036203114344
ATL-ORD_AA,4,-12.8174001168899,-0.009057971014492752,0.1817386363460871
ATL-ORD_DL,1,26.138399999144127,-0.01247779144458111,-0.051452475137628184
ATL-ORD_DL,2,4.235043229128223,-0.007326007326007328,0.09868191663169412
ATL-ORD_DL,3,9.688759396220092,1.3877787807814457e-17,0.10082818556735162
ATL-ORD_DL,4,4.1551972846264675,-0.009057971014492752,0.23373585063715652
ATL-ORD_UA,1,32.136054558712146,-0.01247779144458111,0.16233905720661657
ATL-ORD_UA,2,7.3874303674748205,-0.007326007326007328,0.12718948609923864
ATL-ORD_UA,3,7.558775653294305,1.3877787807814457e-17,0.13440034147982072
ATL-ORD_UA,4,15.761037152014666,-0.009057971014492752,-0.029772158333669196
ATL-SEA_DL,1,-5.884184786039214,-0.03446767801011341,0.08888082083125326
ATL-SEA_DL,2,-35.89225460130723,0.001831501831501825,0.2523866994537709
ATL-SEA_DL,3,-13.051484575496886,-0.010869565217391311,0.036956329653230924
ATL-SEA_DL,4,-11.359267565258904,-0.018115942028985504,0.2155019719272424
DEN-ATL_DL,1,-4.320905615523259,-0.014452644526445263,-0.017740356973723337
DEN-ATL_DL,2,-16.364847422688996,0.010989010989010992,0.04106882508934717
DEN-ATL_DL,3,-17.30994011949997,0.0018115942028985588,0.049981617321043004
DEN-ATL_DL,4,8.282844437341055,-0.009057971014492752,0.13798082654097144
DEN-ATL_UA,1,12.47982400969778,-0.014452644526445263,-0.1778142760635273
DEN-ATL_UA,2,-10.507190723389186,0.010989010989010992,-0.039300450551492006
DEN-ATL_UA,3,15.451093703099048,0.0018115942028985588,-0.14141165404982914
DEN-ATL_UA,4,15.936786599908942,-0.009057971014492752,-0.14013643645244667
DEN-ATL_WN,1,-25.920039279246453,-0.014452644526445263,0.26776535781346844
DEN-ATL_WN,2,-34.51717442479065,0.010989010989010992,0.21388563891189527
DEN-ATL_WN,3,-3.740333487370947,0.0018115942028985588,0.14480735256637178
DEN-ATL_WN,4,5.98330809532473,-0.009057971014492752,-0.038384243008314556
DEN-DFW_AA,1,7.181366512126573,-0.02014486811534781,-0.0013104444281299976
DEN-DFW_AA,2,-7.222718345158654,0.005494505494505489,0.13996604483530106
DEN-DFW_AA,3,-16.223810997222103,-0.0036231884057971037,0.08603354419490827
DEN-DFW_AA,4,-11.490949809664443,0.0018115942028985518,0.1182469651474225
DEN-DFW_UA,1,42.08497343124529,-0.02014486811534781,-0.27346517106849433
DEN-DFW_UA,2,31.447707349935,0.005494505494505489,-0.01740519668247309
DEN-DFW_UA,3,24.733946522166207,-0.0036231884057971037,-0.08922213691731162
DEN-DFW_UA,4,8.660255455455427,0.0018115942028985518,-0.013423020332139934
DEN-JFK_DL,1,19.74615256738909,-0.007154571545715457,0.06980886500428074
DEN-JFK_DL,2,-8.937039123595042,0.001831501831501825,0.06773724437676254
DEN-JFK_DL,3,24.627906597811716,0.025362318840579712,-0.16277696072098458
DEN-JFK_DL,4,-5.566460566312486,-0.00905797101449276,0.1457878134614985
DEN-LAX_DL,1,33.28964327619761,0.018607352740194073,-0.1910862700148419
DEN-LAX_DL,2,-4.40665854608406,0.005494505494505492,-0.03460195443588532
DEN-LAX_DL,3,6.119418568670341,0.009057971014492754,-0.0927181222426503
DEN-LAX_DL,4,-26.730621203408646,0.0036231884057971,0.23895472037997934
DEN-LAX_UA,1,38.64492045798784,0.018607352740194073,-0.13218111929593945
DEN-LAX_UA,2,11.26336916080129,0.005494505494505492,-0.1863869623048231
DEN-LAX_UA,3,14.719051393875304,0.009057971014492754,-0.21012891650367216
DEN-LAX_UA,4,-4.321173891117667,0.0036231884057971,-0.04655736460500037
DEN-LAX_WN,1,14.104930452168418,0.018607352740194073,0.11256171607600152
DEN-LAX_WN,2,-7.822681038658487,0.005494505494505492,0.036018299189155556
DEN-LAX_WN,3,6.804758744595205,0.009057971014492754,-0.03842215725973652
DEN-LAX_WN,4,3.155769863811173,0.0036231884057971,-0.09119464736852301
DEN-ORD_AA,1,1.2498415170884982,0.0020295202952029592,-0.34922538978528817
DEN-ORD_AA,2,-34.226255505160054,-0.003663003663003664,-0.1313645445394327
DEN-ORD_AA,3,-27.52592553929253,0.012681159420289856,0.19272919363072738
DEN-ORD_AA,4,-29.491967154437305,-0.0036231884057971037,0.17095779814363965
DEN-ORD_UA,1,29.07822908627452,0.0020295202952029592,-0.15751957689336393
DEN-ORD_UA,2,-22.24109099314657,-0.003663003663003664,0.057912085909732625
DEN-ORD_UA,3,1.2963556226495143,0.012681159420289856,-0.03747937302356519
DEN-ORD_UA,4,-12.948460152092736,-0.0036231884057971037,0.06837558137087285
DEN-ORD_WN,1,-16.7029345842067,0.0020295202952029592,0.28163021869628935
DEN-ORD_WN,2,-31.378308801251478,-0.003663003663003664,-0.06445272473238717
DEN-ORD_WN,3,-6.77157017655864,0.012681159420289856,-0.1808627673302956
DEN-ORD_WN,4,-3.0283376109292703,-0.0036231884057971037,-0.24125186238788832
DEN-SEA_DL,1,6.8257828739562,-0.019960366270329377,-0.04316198778801272
DEN-SEA_DL,2,-30.38703139260906,0.005494505494505489,0.1731821894614054
DEN-SEA_DL,3,-34.98663573085847,0.0018115942028985484,0.0
DEN-SEA_DL,4,-19.95681661683895,-0.012681159420289856,0.016874647100550533
DEN-SEA_UA,1,-3.5242455373688415,-0.019960366270329377,-0.004528309624747706
DEN-SEA_UA,2,-28.12761592273796,0.005494505494505489,-0.11769547381577805
DEN-SEA_UA,3,-3.820863436417625,0.0018115942028985484,-0.21228304455169678
DEN-SEA_UA,4,-4.594841068763884,-0.012681159420289856,-0.0056864491165589115
DEN-SEA_WN,1,-11.517971729595729,-0.019960366270329377,0.13733802074608548
DEN-SEA_WN,2,-22.349650208113133,0.005494505494505489,-0.08404212772433883
DEN-SEA_WN,3,-10.700494253740857,0.0018115942028985484,0.03533607990680654
DEN-SEA_WN,4,-9.142409016076186,-0.012681159420289856,-0.053362535078131046
DFW-ATL_AA,1,28.52824650493639,-0.03465217985513189,-0.016658096105022224
DFW-ATL_AA,2,20.22470408339524,0.001831501831501825,-0.005998818229253189
DFW-ATL_AA,3,8.659191905022936,-0.01630434782608696,0.05419047264160248
DFW-ATL_AA,4,10.313036281577126,-0.0036231884057971037,0.03473841071378203
DFW-ATL_DL,1,33.66481414312088,-0.03465217985513189,0.034106138877241676
DFW-ATL_DL,2,26.125427022481176,0.001831501831501825,-0.00044101434011345475
DFW-ATL_DL,3,17.005119955662764,-0.01630434782608696,0.0315926590369493
DFW-ATL_DL,4,6.513253518114482,-0.0036231884057971037,0.13670692827387398
DFW-DEN_AA,1,1.321031879514635,-0.02014486811534781,0.0015400413721415873
DFW-DEN_AA,2,-6.369398897757804,0.005494505494505489,0.10884390297184865
DFW-DEN_AA,3,-16.45717153582754,-0.0036231884057971037,0.07445495889284715
DFW-DEN_AA,4,-11.011142464648515,0.0018115942028985518,0.09526943083832329
DFW-DEN_UA,1,44.99871864512099,-0.02014486811534781,-0.2264092411770937
DFW-DEN_UA,2,31.033260536192984,0.005494505494505489,0.031618318518048305
DFW-DEN_UA,3,23.868770388583755,-0.0036231884057971037,-0.13017038216168153
DFW-DEN_UA,4,11.018790403644914,0.0018115942028985518,-0.03142036158969397
DFW-JFK_AA,1,80.54878966440697,-0.02735410687440208,-0.27335842009847067
DFW-JFK_AA,2,21.05398004390196,-0.007326007326007328,-0.018212982360545027
DFW-JFK_AA,3,-15.542565319186195,0.0072463768115941934,0.07300219581523759
DFW-JFK_AA,4,-17.08903124622998,-0.0036231884057971037,0.03311560878449704
DFW-JFK_DL,1,48.75065237965862,-0.02735410687440208,-0.018326719405564518
DFW-JFK_DL,2,27.32826855502799,-0.007326007326007328,-0.008106587532988208
DFW-JFK_DL,3,-20.602995016595003,0.0072463768115941934,-0.03787434929243538
DFW-JFK_DL,4,5.669280447941901,-0.0036231884057971037,0.03198304585305056
DFW-LAX_AA,1,14.610160362734462,-0.001592182588492544,-0.1410094607503094
DFW-LAX_AA,2,-6.446053271246228,-0.003663003663003664,0.10737394423685487
DFW-LAX_AA,3,-23.129428486354414,-0.009057971014492752,0.1888922147526646
DFW-LAX_AA,4,-18.630457130279694,0.009057971014492752,0.16937068801580146
DFW-LAX_DL,1,-2.9362972511810312,-0.001592182588492544,-0.2796162116556582
DFW-LAX_DL,2,12.883723639296761,-0.003663003663003664,-0.023932766211627765
DFW-LAX_DL,3,-17.840262758392385,-0.009057971014492752,0.14346375418720836
DFW-LAX_DL,4,10.24088785123962,0.009057971014492752,0.19062035960864954
DFW-ORD_AA,1,-8.018373502548798,-0.018170015033483672,0.04164363043535779
DFW-ORD_AA,2,-25.99942797019338,-0.01282051282051283,0.11217798001531065
DFW-ORD_AA,3,-26.343751926199587,-0.0054347826086956486,0.16814675877386343
DFW-ORD_AA,4,-19.016872485753424,0.001811594202898545,0.1330036623410802
DFW-ORD_UA,1,28.328408237691235,-0.018170015033483672,0.0836700635455081
DFW-ORD_UA,2,1.0176127811396896,-0.01282051282051283,-0.013969959440201407
DFW-ORD_UA,3,2.896015112448623,-0.0054347826086956486,-0.06779259873856702
DFW-ORD_UA,4,5.774994343344105,0.001811594202898545,-0.06099451270284284
DFW-SEA_AA,1,-5.902751949557,-0.040159901599015974,0.1620998472816808
DFW-SEA_AA,2,-43.65546321573703,-0.003663003663003664,0.3360529396363372
DFW-SEA_AA,3,-68.27321595950082,-0.016304347826086956,0.23670329292765047
DFW-SEA_AA,4,-41.84440106003612,-0.007246376811594207,0.11806936350372155
JFK-ATL_DL,1,13.942176329048607,-0.021661883285499534,0.049371728594082676
JFK-ATL_DL,2,8.222128396495151,-0.0018315018315018389,-0.1461380517461226
JFK-ATL_DL,3,-13.75224736128726,0.012681159420289842,-0.056490717135769586
JFK-ATL_DL,4,-3.350392771271771,-0.0144927536231884,0.07800335827031368
JFK-DEN_DL,1,20.52392342902928,-0.007154571545715457,0.1032389136113867
JFK-DEN_DL,2,-14.469658865526725,0.001831501831501825,0.10930954250946634
JFK-DEN_DL,3,15.500894972588782,0.025362318840579712,-0.04942694094280853
JFK-DEN_DL,4,7.592132201476517,-0.00905797101449276,0.16355653682033555
JFK-DFW_AA,1,87.67211035181671,-0.02735410687440208,-0.3711138305846946
JFK-DFW_AA,2,27.427820558988827,-0.007326007326007328,-0.12458179587343565
JFK-DFW_AA,3,-1.3498855492313453,0.0072463768115941934,0.07524777851006181
JFK-DFW_AA,4,-2.7438291716231333,-0.0036231884057971037,0.08308142746345215
JFK-DFW_DL,1,49.47027602920542,-0.02735410687440208,0.10073637444306449
JFK-DFW_DL,2,23.12699095758012,-0.007326007326007328,0.1364402932609261
JFK-DFW_DL,3,-0.8576748168585482,0.0072463768115941934,0.006543098588936758
JFK-DFW_DL,4,13.06131251146229,-0.0036231884057971037,0.15143881375850832
JFK-LAX_AA,1,26.704710368390067,0.01139811398113981,0.09330669940622194
JFK-LAX_AA,2,41.772105612557766,-0.007326007326007328,0.008994935660089354
JFK-LAX_AA,3,29.442558015461486,0.01992753623188405,-0.021842410115681332
JFK-LAX_AA,4,25.992492929149762,-0.0018115942028985588,0.043163543377682245
JFK-LAX_DL,1,11.742672931725963,0.01139811398113981,0.03655114243471047
JFK-LAX_DL,2,55.42140206196143,-0.007326007326007328,-0.04413764404948495
JFK-LAX_DL,3,4.5426893656587595,0.01992753623188405,0.07343618495063531
JFK-LAX_DL,4,-12.658121415426194,-0.0018115942028985588,0.287631545710493
JFK-ORD_AA,1,3.9166498821750793,-0.005179718463851304,0.15778837027008308
JFK-ORD_AA,2,-22.064843931553014,-0.016483516483516494,-0.13665624721028724
JFK-ORD_AA,3,-39.06242035030613,0.023550724637681153,-0.12870890053122963
JFK-ORD_AA,4,-15.59145804812735,-0.009057971014492752,0.0277705931237211
JFK-ORD_DL,2,-38.113404761904775,-0.016483516483516494,0.356674943938732
JFK-ORD_DL,3,-31.53340222575514,0.023550724637681153,0.08455738802806234
JFK-ORD_DL,4,14.068464912280689,-0.009057971014492752,0.17185025692665912
JFK-SEA_DL,1,32.923102955053594,-0.02716960502938362,0.10985086895945173
JFK-SEA_DL,2,2.4644464786243816,-0.007326007326007328,0.27265568504788806
JFK-SEA_DL,3,3.7803110530053914,0.012681159420289856,0.1400301402092392
JFK-SEA_DL,4,30.955041994970998,-0.018115942028985504,0.31228251566829357
LAX-ATL_AA,1,-5.867072282231902,0.004100041000410004,-0.07404413761283024
LAX-ATL_AA,2,-14.207896217772543,0.001831501831501832,-0.0927370037302957
LAX-ATL_AA,3,25.731031971821892,-0.0036231884057971037,-0.3703136107731808
LAX-ATL_AA,4,29.954683454148096,-0.001811594202898545,-0.6130701787455592
LAX-ATL_DL,1,-49.82203906773765,0.004100041000410004,0.029874985943273202
LAX-ATL_DL,2,-40.44362407931686,0.001831501831501832,0.04887663569873446
LAX-ATL_DL,3,25.47390759185862,-0.0036231884057971037,-0.055008645903456
LAX-ATL_DL,4,10.078629666692336,-0.001811594202898545,0.07300808635680056
LAX-ATL_WN,1,-47.018333333333345,0.004100041000410004,0.6931471805599445
LAX-ATL_WN,2,-20.833782519923574,0.001831501831501832,0.4500972621289332
LAX-ATL_WN,3,12.539452371632905,-0.0036231884057971037,0.13114000049244723
LAX-ATL_WN,4,-40.28243337810136,-0.001811594202898545,-1.3417104545118645
LAX-DEN_DL,1,41.94981447793947,0.018607352740194073,-0.1549956312928229
LAX-DEN_DL,2,-10.642215105059222,0.005494505494505492,-0.0477874006559551
LAX-DEN_DL,3,11.064415342809212,0.009057971014492754,-0.0688879892172034
LAX-DEN_DL,4,-20.382373764008435,0.0036231884057971,0.23192226023841567
LAX-DEN_UA,1,38.715558389470374,0.018607352740194073,-0.07054581754300493
LAX-DEN_UA,2,0.8082213062465655,0.005494505494505492,-0.1595804457434582
LAX-DEN_UA,3,12.494220734276894,0.009057971014492754,-0.20809654452507864
LAX-DEN_UA,4,1.0569298287164202,0.0036231884057971,-0.049925171433995885
LAX-DEN_WN,1,15.539220355576731,0.018607352740194073,0.09185774501661115
LAX-DEN_WN,2,-10.112170778242017,0.005494505494505492,0.06080627155989937
LAX-DEN_WN,3,2.941446458587791,0.009057971014492754,-0.019468121298883645
LAX-DEN_WN,4,2.331520118802729,0.0036231884057971,-0.10632437115413396
LAX-DFW_AA,1,9.388924663585158,-0.001592182588492544,-0.19377894268430573
LAX-DFW_AA,2,-13.099191467541857,-0.003663003663003664,0.1288175595878034
LAX-DFW_AA,3,-22.22694902963599,-0.009057971014492752,0.15827496392463125
LAX-DFW_AA,4,-19.16669502400964,0.009057971014492752,0.15937668347193146
LAX-DFW_DL,1,-3.5629135982379694,-0.001592182588492544,-0.16814903237149803
LAX-DFW_DL,2,4.848664205902594,-0.003663003663003664,-0.01247722609009383
LAX-DFW_DL,3,-16.242688166220574,-0.009057971014492752,0.17795566013300945
LAX-DFW_DL,4,20.50839609644089,0.009057971014492752,0.25344890080953864
LAX-JFK_AA,1,36.59961903583968,0.01139811398113981,0.11168173546020732
LAX-JFK_AA,2,36.45825212702073,-0.007326007326007328,0.02993010578645361
LAX-JFK_AA,3,27.25758465873116,0.01992753623188405,0.00836272479337552
LAX-JFK_AA,4,10.738280606028525,-0.0018115942028985588,-0.0002022858305679165
LAX-JFK_DL,1,17.78991423935912,0.01139811398113981,0.029317211028121903
LAX-JFK_DL,2,55.17836059608692,-0.007326007326007328,-0.045657946615987655
LAX-JFK_DL,3,8.00187157111776,0.01992753623188405,0.09095609611310707
LAX-JFK_DL,4,-14.27887923259658,-0.0018115942028985588,0.2850376445478453
LAX-ORD_AA,1,17.354537635162615,0.02058220582205822,-0.0703116109633104
LAX-ORD_AA,2,-30.645776462487788,-0.012820512820512817,0.04229773147897298
LAX-ORD_AA,3,-33.28835094026337,0.007246376811594207,0.18767884174192595
LAX-ORD_AA,4,-14.553511637260442,0.0036231884057970967,0.11383175627927322
LAX-ORD_UA,1,34.638545154177734,0.02058220582205822,-0.08650753030338976
LAX-ORD_UA,2,-34.60627420820458,-0.012820512820512817,0.08514836116536628
LAX-ORD_UA,3,-15.332781660552769,0.007246376811594207,0.04763621175480104
LAX-ORD_UA,4,-6.996587139454164,0.0036231884057970967,-0.05917499604917076
LAX-SEA_DL,1,2.3399549482116697,-0.0014076807434740962,-0.06154001814131327
LAX-SEA_DL,2,9.71111297978561,-0.003663003663003664,-0.07332134477785957
LAX-SEA_DL,3,11.712180626492966,-0.003623188405797102,0.006678476993201343
LAX-SEA_DL,4,24.498288987183855,-0.0054347826086956486,0.08146439348678136
LAX-SEA_UA,1,-35.82174085533137,-0.0014076807434740962,0.5853428449534581
LAX-SEA_UA,2,-20.629732656514392,-0.003663003663003664,0.35756164747512464
LAX-SEA_UA,3,23.77950570916431,-0.003623188405797102,0.09371013532381411
LAX-SEA_UA,4,46.29930336597377,-0.0054347826086956486,-0.17660317094695976
LAX-SEA_WN,1,29.649611163798937,-0.0014076807434740962,-0.68491668142343
LAX-SEA_WN,3,42.00040338920607,-0.003623188405797102,0.3777625055588283
ORD-ATL_AA,1,32.66502077752597,-0.01247779144458111,-0.6740078403492475
ORD-ATL_AA,2,-4.586940362854136,-0.007326007326007328,-0.45816434010901563
ORD-ATL_AA,3,-23.778664609053493,1.3877787807814457e-17,0.5514190207312444
ORD-ATL_AA,4,-15.691341622366565,-0.009057971014492752,0.07873546768577011
ORD-ATL_DL,1,24.734429500243664,-0.01247779144458111,-0.02065335701177773
ORD-ATL_DL,2,0.7021399344664871,-0.007326007326007328,0.1554963781843881
ORD-ATL_DL,3,7.430126212768812,1.3877787807814457e-17,0.08928087644031812
ORD-ATL_DL,4,8.148544632465246,-0.009057971014492752,0.23693757040026497
ORD-ATL_UA,1,31.379497614101723,-0.01247779144458111,0.16039619616498957
ORD-ATL_UA,2,6.987739763794423,-0.007326007326007328,0.14387111613157977
ORD-ATL_UA,3,9.944876372086156,1.3877787807814457e-17,0.1293212413140985
ORD-ATL_UA,4,13.841740375097032,-0.009057971014492752,0.020505193625744766
ORD-DEN_AA,1,-2.404562679167668,0.0020295202952029592,-0.22146710498695743
ORD-DEN_AA,2,-33.924425949859426,-0.003663003663003664,-0.033248906958220026
ORD-DEN_AA,3,-20.76677800191976,0.012681159420289856,0.10005482372270436
ORD-DEN_AA,4,-20.821577888920416,-0.0036231884057971037,0.057338538847190534
ORD-DEN_UA,1,32.43778816517727,0.0020295202952029592,-0.21106620516117935
ORD-DEN_UA,2,-19.88814282264127,-0.003663003663003664,0.03300231698637823
ORD-DEN_UA,3,3.9358362654741086,0.012681159420289856,-0.04324405584799784
ORD-DEN_UA,4,-10.595619540315198,-0.0036231884057971037,0.07396735484350003
ORD-DEN_WN,1,-15.499131192721876,0.0020295202952029592,0.2864657739032932
ORD-DEN_WN,2,-29.434827640336238,-0.003663003663003664,-0.008238975544553107
ORD-DEN_WN,3,-3.934973760535229,0.012681159420289856,-0.11994675810169397
ORD-DEN_WN,4,0.4422240226264478,-0.0036231884057971037,-0.19896041626982264
ORD-DFW_AA,1,-7.316900829710335,-0.018170015033483672,0.0781833950833537
ORD-DFW_AA,2,-22.652877505345373,-0.01282051282051283,0.11490365829716076
ORD-DFW_AA,3,-25.43278769387996,-0.0054347826086956486,0.15025614786072516
ORD-DFW_AA,4,-14.64010103562265,0.001811594202898545,0.11951737859850375
ORD-DFW_UA,1,24.483474049382806,-0.018170015033483672,0.1075778114664745
ORD-DFW_UA,2,4.923824561967308,-0.01282051282051283,0.043908783151927366
ORD-DFW_UA,3,2.027532634572424,-0.0054347826086956486,-0.02794233165659321
ORD-DFW_UA,4,6.213917549089672,0.001811594202898545,-0.06972520399862603
ORD-JFK_AA,1,-1.4813493192957026,-0.005179718463851304,0.28831719473416584
ORD-JFK_AA,2,-15.30557112923779,-0.016483516483516494,-0.18794710666710035
ORD-JFK_AA,3,-34.726479684419616,0.023550724637681153,-0.034582364138151966
ORD-JFK_AA,4,-19.00185104881544,-0.009057971014492752,0.1287240638345919
ORD-JFK_DL,1,5.283429042904288,-0.005179718463851304,-0.11531084651099466
ORD-JFK_DL,2,-7.451438476134911,-0.016483516483516494,-0.1724160278045508
ORD-JFK_DL,3,-53.740699230846076,0.023550724637681153,-0.12485020287947624
ORD-JFK_DL,4,-9.834881494562666,-0.009057971014492752,0.24430177682155563
ORD-LAX_AA,1,12.489453368377497,0.02058220582205822,-0.08222232756359027
ORD-LAX_AA,2,-30.9229087849277,-0.012820512820512817,0.014927971193900547
ORD-LAX_AA,3,-38.85876719462797,0.007246376811594207,0.18635843045686507
ORD-LAX_AA,4,-19.838735730752433,0.0036231884057970967,0.09485308737700748
ORD-LAX_UA,1,33.073557881637015,0.02058220582205822,-0.08725478729733638
ORD-LAX_UA,2,-28.116132571753155,-0.012820512820512817,0.09910638072340028
ORD-LAX_UA,3,-16.03519110018715,0.007246376811594207,0.057012064263767925
ORD-LAX_UA,4,-3.61500152468426,0.0036231884057970967,-0.04572028430198216
ORD-LAX_WN,3,48.000087301587286,0.007246376811594207,-0.028170876966696845
ORD-SEA_AA,1,23.62884014836527,-0.017985513188465224,-0.1992965025840876
ORD-SEA_AA,2,-27.044340054274983,-0.01282051282051283,-0.09273502303219949
ORD-SEA_AA,3,-5.4576728996354404,0.0,-0.1523697354562641
ORD-SEA_AA,4,13.305440856707975,-0.012681159420289856,0.3102563944903203
ORD-SEA_DL,1,10.366986788100803,-0.017985513188465224,0.04220904473948206
ORD-SEA_DL,2,-21.32386224708989,-0.01282051282051283,-0.06221771316917035
ORD-SEA_DL,3,-21.803556989919826,0.0,0.023392879574704928
ORD-SEA_DL,4,12.851563296684617,-0.012681159420289856,0.2576592771524657
ORD-SEA_UA,1,0.7333091048681695,-0.017985513188465224,0.16876329200725682
ORD-SEA_UA,2,-32.32248892501525,-0.01282051282051283,0.17004204716389282
ORD-SEA_UA,3,-16.31123869237331,0.0,0.08264561696300277
ORD-SEA_UA,4,15.625952958738026,-0.012681159420289856,-0.03984249398717399
SEA-ATL_DL,1,-6.16682181364132,-0.03446767801011341,0.058066421393396794
SEA-ATL_DL,2,-38.01392688069063,0.001831501831501825,0.23810642399092252
SEA-ATL_DL,3,-5.386962193181148,-0.010869565217391311,0.0005399568165742608
SEA-ATL_DL,4,-13.355747497351388,-0.018115942028985504,0.2161136453859518
SEA-DEN_DL,1,8.337189476115697,-0.019960366270329377,0.025957741591398964
SEA-DEN_DL,2,-28.642621453678146,0.005494505494505489,0.1937768805849327
SEA-DEN_DL,3,-28.376154850159594,0.0018115942028985484,0.08705965701377938
SEA-DEN_DL,4,-17.00239087496925,-0.012681159420289856,0.12933851436448673
SEA-DEN_UA,1,-4.836943616207947,-0.019960366270329377,0.035519238736467784
SEA-DEN_UA,2,-27.96925123550227,0.005494505494505489,-0.11204697215984893
SEA-DEN_UA,3,3.682743281344102,0.0018115942028985484,-0.27817758814021776
SEA-DEN_UA,4,3.9976882663129913,-0.012681159420289856,-0.04140252623529772
SEA-DEN_WN,1,-8.547371672019551,-0.019960366270329377,0.1417495935289086
SEA-DEN_WN,2,-29.011736985574345,0.005494505494505489,-0.0636878192572583
SEA-DEN_WN,3,-12.498436818190754,0.0018115942028985484,0.0054298775943699695
SEA-DEN_WN,4,-3.003620349697087,-0.012681159420289856,-0.03530871584247475
SEA-DFW_AA,1,-3.241543285235707,-0.040159901599015974,0.14294972917117565
SEA-DFW_AA,2,-41.14065634311311,-0.003663003663003664,0.29533029329003746
SEA-DFW_AA,3,-76.09122476278145,-0.016304347826086956,0.28392619949197595
SEA-DFW_AA,4,-43.06916238700839,-0.007246376811594207,0.08882309415432843
SEA-JFK_DL,1,25.84891742612541,-0.02716960502938362,0.12657258645723957
SEA-JFK_DL,2,-8.28269943449419,-0.007326007326007328,0.2604445295276383
SEA-JFK_DL,3,9.584155866884714,0.012681159420289856,0.09220765298905853
SEA-JFK_DL,4,39.04039506158989,-0.018115942028985504,0.2615656144012082
SEA-LAX_DL,1,3.837846437511132,-0.0014076807434740962,-0.04893230047839303
SEA-LAX_DL,2,15.44245731575262,-0.003663003663003664,-0.12477280211052566
SEA-LAX_DL,3,11.819306019202202,-0.003623188405797102,0.005077144278656576
SEA-LAX_DL,4,25.041661272075913,-0.0054347826086956486,0.09258622047316933
SEA-LAX_UA,1,-22.80277152152152,-0.0014076807434740962,0.5887871652357024
SEA-LAX_UA,2,0.9323454872465504,-0.003663003663003664,0.3184537311185345
SEA-LAX_UA,3,37.152971565823435,-0.003623188405797102,0.04232796313016429
SEA-LAX_UA,4,46.90405093063556,-0.0054347826086956486,-0.2366352656178572
SEA-LAX_WN,3,6.941745036572627,-0.003623188405797102,0.1292117314800061
SEA-ORD_AA,1,39.70564352234149,-0.017985513188465224,-0.029327615094519643
SEA-ORD_AA,2,-42.09876622759111,-0.01282051282051283,0.07108408112864506
SEA-ORD_AA,3,-16.13038532418139,0.0,-0.10175290802652359
SEA-ORD_AA,4,2.5166944289887283,-0.012681159420289856,0.08173189726438146
SEA-ORD_DL,1,13.706876281504492,-0.017985513188465224,-0.0497989221072368
SEA-ORD_DL,2,-15.115526491744362,-0.01282051282051283,-0.07040893763501277
SEA-ORD_DL,3,-7.2397090862166635,0.0,-0.01500129489851254
SEA-ORD_DL,4,16.51123265012876,-0.012681159420289856,0.29201658338583414
SEA-ORD_UA,1,2.46723226960583,-0.017985513188465224,0.32671355619824816
SEA-ORD_UA,2,-26.71904288229939,-0.01282051282051283,0.14444859402080734
SEA-ORD_UA,3,-19.588298363880796,0.0,0.09695956754865698
SEA-ORD_UA,4,22.59673525793093,-0.012681159420289856,-0.0273498329315629
